db1523,dmoni,bunch,m,july 8 1985,giants,48,upback,soldier_field,/bin/bash
de1983,dycen,eagleson,m,july 9 1991,eagles,74,wide_receiver,new_era_field,/bin/csh
bp1448,betty,proudfoot,f,november 12 1996,browns,69,nickelback,lambeau_field,/bin/ksh
an1580,aadarsh,najarro,m,october 17 1995,seahawks,1,defensive_tackle,gillette_stadium,/bin/ksh
ta1274,thorne,alspach,m,october 8 1996,seahawks,67,upback,centurylink_field,/bin/bash
rg1463,rosalinda,gennaro,f,november 3 1988,rams,8,tight_end,lincoln_financial_field,/bin/bash
jh1227,jacinta,holifield,f,october 17 1991,cowboys,12,offensive_guard,soldier_field,/bin/csh
kv1865,kariah,vanfleet,f,november 30 1995,lions,99,punt_returner,tiaa_bank_field,/bin/tcsh
cg1435,cleveland,glatt,m,may 7 1994,packers,41,defensive_end,att_stadium,/bin/ksh
eh1560,edwyn,herren,m,july 28 1994,packers,61,Kick_returner,mt_bank_stadium,/bin/csh
dg1801,deen,godbout,m,february 30 1992,jaguars,96,gunner,tiaa_bank_field,/bin/bash
jc1182,jailei,caples,f,january 19 1985,raiders,23,wide_receiver,paul_brown_stadium,/bin/bash
so1585,slayter,omahony,m,february 5 1990,bears,20,dimeback,state_farm_stadium,/bin/ksh
as1705,annaka,steffensen,f,march 19 1987,steelers,99,defensive_end,mercedes_benz_stadium,/bin/csh
kg1133,kailor,gratz,m,may 27 1994,steelers,1,kicker,oakland_alameda_county_coliseum,/bin/bash
fm1679,freedom,mccullar,f,april 12 1991,vikings,26,nickelback,los_angeles_memorial_coliseum,/bin/tcsh
am1970,aiven,millan,f,october 16 1998,colts,13,punter,hard_rock_stadium,/bin/ksh
kc1526,kimiyah,crumley,f,october 14 1995,ravens,44,defensive_end,raymond_james_stadium,/bin/bash
jc1339,jessica,cienfuegos,f,october 24 1994,packers,22,tight_end,soldier_field,/bin/ksh
ez1771,ehab,zunker,m,january 23 1994,ravens,44,upback,oakland_alameda_county_coliseum,/bin/tcsh
ko1996,keanu,ozdemir,m,december 6 1985,colts,10,gunner,mt_bank_stadium,/bin/ksh
ee1305,enoc,ehrenberg,m,october 20 1993,buccaneers,42,Kick_returner,tiaa_bank_field,/bin/ksh
jk1345,joyelle,kinzel,f,november 12 1994,texans,25,defensive_tackle,lincoln_financial_field,/bin/csh
yf1182,yarrow,fertig,f,august 27 1991,colts,38,holder,soldier_field,/bin/bash
vg1620,vail,galvez,f,november 26 1986,raiders,59,outside_linebacker,firstenergy_stadium,/bin/tcsh
jg1716,jaeden,gooden,f,october 30 1996,bears,14,cornerback,levis_stadium,/bin/csh
bb1600,bryer,biddinger,m,january 21 1988,steelers,51,holder,hard_rock_stadium,/bin/bash
rm1140,ricco,mulero,m,january 26 1988,redskins,14,running_back,ford_field,/bin/csh
zc1004,zarion,cuen,m,april 9 1996,steelers,67,upback,arrowhead_stadium,/bin/tcsh
ks1951,kensley,shetler,f,august 26 1993,jets,61,punter,bank_of_america_stadium,/bin/bash
re1995,renato,espaillat,m,september 8 1986,bears,47,safety,fedex_field,/bin/bash
hp1193,harper,pou,f,august 14 1989,saints,57,dimeback,centurylink_field,/bin/csh
og1706,oryan,goll,m,february 12 1985,patriots,19,offensive_guard,mercedes_benz_stadium,/bin/ksh
ds1891,denasia,sankey,f,march 28 1988,steelers,77,defensive_tackle,new_era_field,/bin/tcsh
sb1976,sua,beltz,f,november 30 1994,dolphins,61,dimeback,gillette_stadium,/bin/ksh
rk1541,rylan,karren,f,november 5 1998,browns,95,jammer,heinz_field,/bin/csh
ba1239,briyonna,angelini,f,december 3 1995,jaguars,25,Kick_returner,fedex_field,/bin/csh
as1758,amelia,seo,m,april 26 1991,vikings,12,running_back,lucas_oil_stadium,/bin/tcsh
dp1225,dora,perezgonzalez,f,february 15 1997,patriots,9,kickoff_specialist,arrowhead_stadium,/bin/csh
cp1795,cristal,paccione,f,february 13 1987,seahawks,43,defensive_end,los_angeles_memorial_coliseum,/bin/tcsh
sb1290,shaylen,bowen,f,june 26 1999,browns,18,kicker,tiaa_bank_field,/bin/ksh
cc1208,cedrick,clement,m,november 14 1989,bears,54,kicker,arrowhead_stadium,/bin/ksh
ln1141,lilyth,northern,f,august 19 1996,saints,50,center,broncos_stadium,/bin/bash
ab1927,aroyal,bugg,f,february 3 1986,rams,51,offensive_tackle,lucas_oil_stadium,/bin/bash
bt1254,braxxton,tyra,m,march 8 1997,falcons,21,defensive_end,centurylink_field,/bin/csh
cg1984,casyn,gerstein,m,november 23 1995,lions,23,punt_returner,lincoln_financial_field,/bin/ksh
gb1632,gil,blue,m,january 29 1985,bengals,73,jammer,centurylink_field,/bin/csh
jp1785,james,prudencio,f,july 16 1997,packers,48,tight_end,ford_field,/bin/csh
ln1434,lakin,nieblas,m,october 16 1990,cowboys,51,middle_linebacker,gillette_stadium,/bin/tcsh
nb1376,nakyla,beemer,f,march 13 1985,chiefs,10,holder,firstenergy_stadium,/bin/bash
lr1907,leeon,ries,m,september 1 1993,texans,29,offensive_tackle,fedex_field,/bin/tcsh
kl1981,kathleen,laszlo,f,october 9 1988,redskins,3,safety,hard_rock_stadium,/bin/csh
ml1436,mills,lillibridge,m,november 2 1996,49ers,30,cornerback,ford_field,/bin/ksh
fw1194,fenix,whidden,m,january 15 1997,saints,91,outside_linebacker,los_angeles_memorial_coliseum,/bin/csh
dr1697,dhruvan,rentz,m,october 14 1995,buccaneers,52,punter,paul_brown_stadium,/bin/tcsh
jm1155,johnell,mandell,m,january 20 1998,dolphins,60,gunner,bank_of_america_stadium,/bin/csh
rt1246,rhyatt,truex,m,november 5 1987,packers,53,jammer,los_angeles_memorial_coliseum,/bin/bash
bs1000,brentley,shaheed,f,october 17 1988,packers,91,outside_linebacker,heinz_field,/bin/csh
dc1519,devanshi,cutshall,f,april 7 1986,dolphins,70,upback,dignity_health_sports_park,/bin/ksh
zr1218,zyaire,rausch,m,november 9 1993,titans,72,punter,att_stadium,/bin/bash
jr1520,juliann,retzer,f,june 30 1997,buccaneers,37,running_back,centurylink_field,/bin/bash
hj1812,hilal,jahr,f,september 18 1993,titans,24,kickoff_specialist,us_bank_stadium,/bin/ksh
cm1127,charm,mccourt,f,november 9 1992,titans,44,punt_returner,hard_rock_stadium,/bin/csh
lm1929,leona,mon,f,april 30 1989,giants,72,middle_linebacker,new_era_field,/bin/csh
se1421,shivan,esterline,m,october 8 1998,jaguars,52,kicker,mt_bank_stadium,/bin/tcsh
sm1482,shivika,medcalf,f,february 22 1997,panthers,52,kickoff_specialist,att_stadium,/bin/ksh
jm1974,javani,mcbroom,m,september 6 1997,raiders,91,punt_returner,fedex_field,/bin/tcsh
sa1645,samar,alfonso,f,february 8 1996,lions,77,upback,mercedes_benz_stadium,/bin/tcsh
af1355,alannys,fitch,f,september 24 1988,eagles,41,kicker,metlife_stadium,/bin/tcsh
rw1138,rashelle,wynia,f,march 21 1993,jets,79,offensive_guard,heinz_field,/bin/bash
cw1216,coulson,wasinger,m,december 4 1988,titans,90,Kick_returner,bank_of_america_stadium,/bin/csh
eg1350,emaad,gunnells,m,november 1 1997,titans,69,Kick_returner,nrg_stadium,/bin/tcsh
ct1222,choice,tillmon,m,september 21 1992,steelers,70,jammer,oakland_alameda_county_coliseum,/bin/bash
st1381,santy,takacs,m,july 17 1998,raiders,52,middle_linebacker,soldier_field,/bin/csh
sr1391,satya,ridlon,f,january 13 1992,rams,64,holder,att_stadium,/bin/ksh
kj1926,kiazer,juergens,m,october 25 1998,bills,7,punter,soldier_field,/bin/csh
tn1734,toula,newville,f,october 22 1990,lions,18,long_snapper,ford_field,/bin/tcsh
js1427,jalicia,stiver,f,december 24 1990,bears,89,defensive_tackle,metlife_stadium,/bin/tcsh
aq1736,amari,quarterman,m,august 23 1992,vikings,95,punter,bank_of_america_stadium,/bin/csh
em1859,eldyn,mcclam,m,december 18 1988,bengals,31,outside_linebacker,ford_field,/bin/ksh
jd1605,janelis,debow,f,february 11 1992,seahawks,40,wide_receiver,tiaa_bank_field,/bin/ksh
jk1009,jaleeah,kim,f,october 22 1991,lions,45,kickoff_specialist,mercedes_benz_superdome,/bin/ksh
tg1430,taja,gearheart,f,august 26 1989,vikings,97,running_back,lambeau_field,/bin/csh
rs1766,roel,swanberg,m,july 24 1998,chiefs,98,long_snapper,heinz_field,/bin/tcsh
cb1473,colsyn,babineaux,m,april 6 1993,eagles,22,holder,lambeau_field,/bin/tcsh
bw1470,braylinn,wiederholt,f,september 4 1993,broncos,42,quarterback,fedex_field,/bin/bash
hs1522,huxton,staggers,m,march 25 1990,giants,92,punt_returner,state_farm_stadium,/bin/tcsh
aw1642,amarii,wieczorek,m,march 8 1999,saints,90,defensive_tackle,lambeau_field,/bin/csh
lp1578,loriel,prine,f,january 25 1991,patriots,51,upback,heinz_field,/bin/tcsh
id1047,isaam,dittrich,m,september 11 1994,chiefs,22,long_snapper,paul_brown_stadium,/bin/csh
iz1976,ivanka,zambito,f,september 8 1997,chiefs,42,upback,us_bank_stadium,/bin/csh
cb1280,caleigh,boughton,f,june 19 1986,ravens,22,jammer,gillette_stadium,/bin/ksh
sh1745,slate,hase,m,may 19 1986,jets,2,offensive_tackle,lambeau_field,/bin/csh
rb1738,ramira,bischoff,f,august 30 1997,chargers,95,dimeback,los_angeles_memorial_coliseum,/bin/bash
rl1083,reiner,lesperance,m,february 21 1986,redskins,94,Kick_returner,broncos_stadium,/bin/csh
it1058,ivan,tester,m,november 27 1993,vikings,43,quarterback,soldier_field,/bin/tcsh
bk1593,bethanie,kreiser,f,february 1 1985,titans,73,outside_linebacker,gillette_stadium,/bin/tcsh
bm1559,benjen,malcolm,m,june 15 1991,49ers,35,safety,state_farm_stadium,/bin/ksh
le1903,lizandra,eury,f,october 24 1990,buccaneers,30,quarterback,oakland_alameda_county_coliseum,/bin/tcsh
rs1753,rainey,spaid,f,september 30 1994,steelers,8,offensive_guard,tiaa_bank_field,/bin/bash
ep1255,esmie,patillo,f,february 7 1999,rams,8,running_back,levis_stadium,/bin/ksh
ld1342,liat,danziger,f,may 22 1991,seahawks,58,holder,levis_stadium,/bin/tcsh
ak1171,avaclaire,kennelly,f,august 15 1993,raiders,44,offensive_tackle,nissan_stadium,/bin/bash
cc1862,charleston,carrasco,m,august 12 1990,seahawks,11,kickoff_specialist,us_bank_stadium,/bin/csh
sp1557,sonoma,parkhill,f,december 23 1993,jaguars,78,defensive_tackle,mt_bank_stadium,/bin/bash
se1777,silviano,echeverria,m,november 12 1993,dolphins,92,quarterback,att_stadium,/bin/csh
af1732,arson,fenton,m,september 3 1992,ravens,82,wide_receiver,hard_rock_stadium,/bin/csh
ms1767,mung,switzer,f,june 5 1998,raiders,54,kicker,fedex_field,/bin/bash
zb1980,zoe,bonenfant,m,april 13 1990,chiefs,33,dimeback,arrowhead_stadium,/bin/csh
dk1047,dalyah,kilmer,f,july 30 1993,rams,60,kickoff_specialist,lincoln_financial_field,/bin/tcsh
pc1003,philo,concannon,m,april 6 1989,buccaneers,79,middle_linebacker,mercedes_benz_superdome,/bin/bash
jj1642,jevin,johanson,m,october 23 1997,texans,62,Kick_returner,oakland_alameda_county_coliseum,/bin/bash
il1519,issa,leist,f,february 14 1987,chiefs,50,offensive_tackle,new_era_field,/bin/csh
am1006,ami,morse,f,october 30 1986,saints,47,defensive_tackle,firstenergy_stadium,/bin/tcsh
rw999,riyana,winch,f,october 11 1987,seahawks,41,defensive_tackle,nissan_stadium,/bin/csh
ka1382,kierran,aly,m,march 11 1993,bills,86,defensive_end,raymond_james_stadium,/bin/tcsh
fc1731,finna,caddell,f,october 4 1998,panthers,26,safety,raymond_james_stadium,/bin/tcsh
hm1948,haivyn,minkler,f,december 9 1986,patriots,86,offensive_tackle,broncos_stadium,/bin/ksh
jw1422,jakaila,westover,f,october 6 1997,giants,50,defensive_end,mercedes_benz_stadium,/bin/bash
es1140,even,shadwick,m,may 3 1992,broncos,51,tight_end,paul_brown_stadium,/bin/bash
rg1284,rhowyn,glosser,f,december 6 1996,titans,73,dimeback,lucas_oil_stadium,/bin/bash
tm1591,tehilla,mol,f,october 9 1999,steelers,45,jammer,raymond_james_stadium,/bin/ksh
ca1006,chancellor,alcorn,m,february 3 1994,rams,62,quarterback,lambeau_field,/bin/csh
hc1621,havana,costner,f,may 29 1987,ravens,3,holder,ford_field,/bin/csh
ks1757,kai,sevier,f,october 16 1990,chiefs,68,Kick_returner,soldier_field,/bin/csh
js1170,jerard,shirazi,m,february 11 1996,saints,59,Kick_returner,mercedes_benz_superdome,/bin/tcsh
jt1301,jniyah,tavera,f,december 5 1995,jets,44,safety,bank_of_america_stadium,/bin/bash
cy1753,cardier,yopp,m,march 22 1996,ravens,45,dimeback,raymond_james_stadium,/bin/csh
jh1380,jaymz,hamlett,m,july 28 1988,packers,63,offensive_guard,dignity_health_sports_park,/bin/csh
rj1857,raiza,johnsrud,f,january 21 1991,giants,99,gunner,mt_bank_stadium,/bin/csh
ij1429,icarus,jung,m,june 9 1999,bills,52,cornerback,paul_brown_stadium,/bin/csh
ae1760,amalya,exposito,f,august 10 1988,dolphins,57,safety,tiaa_bank_field,/bin/csh
ww1205,whittaker,woolever,m,may 21 1990,steelers,37,dimeback,oakland_alameda_county_coliseum,/bin/bash
cb1471,cohen,behrmann,f,april 30 1987,vikings,52,quarterback,arrowhead_stadium,/bin/bash
lb1943,leiby,bumgardner,m,september 3 1997,seahawks,89,wide_receiver,mt_bank_stadium,/bin/ksh
ab1467,artin,baker,m,march 24 1993,chargers,68,center,gillette_stadium,/bin/ksh
rb1732,roqaya,beachy,f,september 17 1985,patriots,52,safety,mt_bank_stadium,/bin/ksh
cw1946,calysta,wooddell,f,may 22 1985,falcons,45,kicker,mercedes_benz_superdome,/bin/tcsh
ap1347,ahtziri,pesina,f,june 12 1997,eagles,7,cornerback,dignity_health_sports_park,/bin/tcsh
jb1678,jade,buza,f,november 24 1997,chiefs,24,dimeback,mercedes_benz_stadium,/bin/ksh
js1946,jaylei,stinnett,f,may 17 1991,ravens,5,wide_receiver,mt_bank_stadium,/bin/csh
bc1901,braylen,currie,f,april 21 1991,buccaneers,90,holder,mt_bank_stadium,/bin/csh
mo1139,merrill,osmond,m,august 11 1990,texans,37,upback,centurylink_field,/bin/bash
sb1954,sylvana,booth,f,may 8 1991,falcons,44,Kick_returner,lambeau_field,/bin/bash
kc1810,kajuan,camden,m,july 22 1991,chargers,13,Kick_returner,centurylink_field,/bin/csh
cm1687,conleigh,mondesir,f,december 5 1986,packers,73,punter,lambeau_field,/bin/csh
eb1590,elenoa,brasher,f,july 10 1997,raiders,92,offensive_tackle,arrowhead_stadium,/bin/tcsh
hs1277,hiroki,szymczak,m,april 27 1996,cardinals,97,middle_linebacker,mt_bank_stadium,/bin/tcsh
bt1719,brin,tax,f,september 7 1988,patriots,8,offensive_tackle,arrowhead_stadium,/bin/ksh
lw1276,laiza,wilding,f,september 24 1996,bears,73,outside_linebacker,soldier_field,/bin/tcsh
dp1722,deon,powe,m,june 8 1997,steelers,56,quarterback,att_stadium,/bin/csh
jd1720,jovi,dildy,f,august 4 1991,eagles,19,kicker,mt_bank_stadium,/bin/bash
kb1160,kysen,baldree,m,november 2 1989,chargers,58,punter,us_bank_stadium,/bin/bash
me1392,mahala,englert,f,august 24 1987,lions,44,nickelback,raymond_james_stadium,/bin/csh
nm1535,nussen,mullaly,m,december 30 1998,browns,45,Kick_returner,soldier_field,/bin/csh
mr1773,maliek,rainford,m,february 22 1996,chiefs,99,dimeback,dignity_health_sports_park,/bin/ksh
mk1040,maylyn,kmiecik,f,march 25 1991,cardinals,51,running_back,lincoln_financial_field,/bin/ksh
bd1989,brylynn,don,f,november 16 1989,jets,39,kicker,mercedes_benz_superdome,/bin/tcsh
zk1332,zamarah,kulas,f,november 19 1986,chargers,34,running_back,levis_stadium,/bin/bash
kr1363,kemet,rabb,m,june 5 1994,titans,4,punt_returner,metlife_stadium,/bin/ksh
ls1122,lakeleigh,suliman,f,april 12 1998,falcons,12,gunner,mt_bank_stadium,/bin/ksh
sr1722,sophonie,rochelle,f,april 9 1986,panthers,40,quarterback,lucas_oil_stadium,/bin/tcsh
jd1059,janette,dempster,f,october 26 1987,giants,33,quarterback,paul_brown_stadium,/bin/tcsh
ja1667,jourdyn,atkin,f,october 19 1985,steelers,53,defensive_end,arrowhead_stadium,/bin/tcsh
ls1334,lyndi,sari,f,september 23 1997,cardinals,71,kicker,oakland_alameda_county_coliseum,/bin/bash
ap1224,avaree,pando,f,october 24 1985,bengals,65,outside_linebacker,nrg_stadium,/bin/ksh
kd1286,kaivon,denton,m,september 6 1999,packers,98,safety,bank_of_america_stadium,/bin/csh
pc1245,pace,childress,m,september 19 1990,redskins,43,dimeback,mercedes_benz_stadium,/bin/csh
ac1399,ayrah,carbonaro,f,february 24 1987,jaguars,61,nickelback,broncos_stadium,/bin/csh
tl1994,taylie,lappin,f,april 6 1993,buccaneers,96,Kick_returner,tiaa_bank_field,/bin/bash
ja1804,jayla,alspaugh,f,january 6 1993,buccaneers,53,Kick_returner,us_bank_stadium,/bin/tcsh
vm1158,vivaan,mann,m,november 24 1996,browns,81,defensive_tackle,metlife_stadium,/bin/csh
lr1342,laurali,redeker,f,august 7 1985,jaguars,54,punter,lambeau_field,/bin/csh
hf1969,harper,frazer,m,april 30 1991,browns,53,running_back,state_farm_stadium,/bin/tcsh
ab1028,anael,barstow,f,january 8 1991,falcons,86,kickoff_specialist,metlife_stadium,/bin/bash
jb1690,jaimin,bankston,m,may 2 1985,chiefs,24,jammer,los_angeles_memorial_coliseum,/bin/bash
ta1402,tameron,arcaro,m,october 2 1986,steelers,54,safety,us_bank_stadium,/bin/csh
cs1917,cameron,schacht,f,january 20 1986,49ers,98,running_back,nissan_stadium,/bin/bash
mp1150,mahnoor,peck,f,december 3 1990,lions,30,Kick_returner,arrowhead_stadium,/bin/csh
kl1085,khouri,levesque,f,march 24 1986,steelers,36,punt_returner,dignity_health_sports_park,/bin/csh
tc1669,tiya,capps,f,september 10 1986,jets,16,Kick_returner,oakland_alameda_county_coliseum,/bin/csh
sz1720,shaila,zuniga,f,august 22 1985,panthers,41,middle_linebacker,hard_rock_stadium,/bin/tcsh
ly1362,leeyah,yeldell,f,april 24 1992,eagles,26,dimeback,bank_of_america_stadium,/bin/ksh
ob1631,osborn,berberian,m,february 21 1998,saints,19,cornerback,mercedes_benz_stadium,/bin/csh
nm1677,noelly,mcdonough,f,october 3 1996,chargers,19,running_back,gillette_stadium,/bin/csh
tt1227,tyrique,thomasson,m,may 2 1990,lions,14,tight_end,us_bank_stadium,/bin/tcsh
am1402,aidenjames,malec,m,december 15 1996,vikings,60,defensive_end,arrowhead_stadium,/bin/csh
mf1277,madelline,feuerstein,f,august 3 1995,jets,9,gunner,metlife_stadium,/bin/csh
gh1653,goliath,hulett,m,october 3 1991,giants,10,dimeback,hard_rock_stadium,/bin/bash
gs1295,gizelle,stanard,f,october 19 1998,bears,70,defensive_tackle,us_bank_stadium,/bin/ksh
dh1774,drexler,hulme,m,february 19 1990,titans,77,punter,tiaa_bank_field,/bin/tcsh
td1870,tamer,diggs,m,august 2 1992,steelers,7,defensive_tackle,arrowhead_stadium,/bin/csh
nh1045,nesta,holyoak,m,june 10 1997,falcons,48,middle_linebacker,nrg_stadium,/bin/tcsh
nn1356,novalee,nipper,f,november 1 1986,packers,76,center,los_angeles_memorial_coliseum,/bin/csh
ao1825,apollonia,ohaver,f,june 2 1996,seahawks,57,gunner,state_farm_stadium,/bin/tcsh
fp1305,fadumo,profeta,f,october 13 1995,patriots,52,outside_linebacker,broncos_stadium,/bin/tcsh
oc1215,oshyn,carachure,f,march 1 1992,patriots,74,Kick_returner,centurylink_field,/bin/bash
ae1307,azen,elizalde,m,september 20 1998,giants,53,kickoff_specialist,firstenergy_stadium,/bin/tcsh
dm1238,deshone,musa,m,july 14 1994,bengals,36,safety,new_era_field,/bin/bash
ch1123,chisom,hawk,m,january 1 1995,raiders,39,center,broncos_stadium,/bin/tcsh
kt1233,karmah,tweed,f,march 30 1995,bengals,15,nickelback,tiaa_bank_field,/bin/tcsh
sb1237,shawna,blais,f,january 16 1993,lions,67,wide_receiver,metlife_stadium,/bin/bash
jb1540,janari,bavaro,m,december 1 1986,49ers,9,defensive_tackle,ford_field,/bin/tcsh
ah1555,aviel,hults,f,november 27 1985,49ers,6,safety,oakland_alameda_county_coliseum,/bin/csh
am1115,airyana,mullin,f,march 18 1996,broncos,42,punt_returner,lincoln_financial_field,/bin/tcsh
ks1314,kenni,sodhi,f,july 10 1998,patriots,42,nickelback,us_bank_stadium,/bin/tcsh
dm1651,donavin,mehringer,m,october 16 1991,seahawks,26,offensive_guard,lincoln_financial_field,/bin/ksh
mj1483,mayer,jaquez,m,june 18 1994,cardinals,29,punt_returner,bank_of_america_stadium,/bin/bash
mm1295,mahdia,mcferrin,f,july 29 1993,seahawks,27,defensive_tackle,state_farm_stadium,/bin/bash
rb1798,raeden,branco,m,may 25 1986,bengals,40,jammer,ford_field,/bin/csh
nv1345,naziah,vora,f,january 9 1994,texans,72,long_snapper,mt_bank_stadium,/bin/bash
hh1846,hyde,hunley,m,june 29 1995,saints,26,kicker,broncos_stadium,/bin/tcsh
ab1859,aela,bevins,f,august 28 1994,panthers,17,nickelback,centurylink_field,/bin/bash
fl1548,fallou,lantigua,m,september 4 1997,falcons,52,defensive_tackle,new_era_field,/bin/csh
pp1799,pistol,powelson,m,october 28 1996,patriots,10,tight_end,nissan_stadium,/bin/tcsh
ag1912,anjelo,genz,m,october 17 1989,browns,74,punt_returner,nrg_stadium,/bin/bash
pc1873,paighten,cesario,f,september 26 1991,eagles,60,kicker,oakland_alameda_county_coliseum,/bin/bash
nn1190,narya,nagi,f,december 16 1989,seahawks,15,kickoff_specialist,centurylink_field,/bin/csh
kk1158,khiron,karwowski,m,november 12 1985,saints,77,defensive_end,tiaa_bank_field,/bin/tcsh
al1195,aaralyn,loveland,f,november 15 1989,panthers,53,safety,oakland_alameda_county_coliseum,/bin/csh
jb1560,japnoor,bugarin,f,october 9 1992,chargers,97,gunner,nrg_stadium,/bin/tcsh
ml1103,milianna,latham,f,november 15 1990,jets,3,Kick_returner,mercedes_benz_superdome,/bin/ksh
cg1495,courtney,gulino,f,september 22 1995,jets,54,defensive_tackle,bank_of_america_stadium,/bin/ksh
ir1203,igor,rakowski,m,december 12 1994,patriots,90,tight_end,state_farm_stadium,/bin/bash
cv1667,calena,vanwagenen,f,january 20 1993,dolphins,47,nickelback,heinz_field,/bin/csh
pg1255,palyn,garrity,f,august 28 1990,packers,86,wide_receiver,new_era_field,/bin/csh
bp1714,binyamin,plain,m,june 4 1990,packers,40,running_back,mercedes_benz_superdome,/bin/tcsh
js1013,jaxx,sara,f,february 3 1999,chargers,36,tight_end,raymond_james_stadium,/bin/tcsh
wp1486,whitton,pauly,m,december 23 1998,bears,90,upback,centurylink_field,/bin/tcsh
cb1025,chadrick,barno,m,october 15 1997,panthers,4,jammer,los_angeles_memorial_coliseum,/bin/bash
md1905,mariella,diez,f,february 14 1989,browns,78,tight_end,tiaa_bank_field,/bin/tcsh
fs1335,feather,scarpa,f,october 12 1995,giants,12,offensive_guard,heinz_field,/bin/tcsh
jp1053,jasira,pantaleo,f,january 25 1987,lions,48,upback,hard_rock_stadium,/bin/ksh
kt1987,kynsli,toran,f,july 12 1998,eagles,34,center,raymond_james_stadium,/bin/csh
hl1150,hilkiah,lipham,m,march 1 1991,giants,91,long_snapper,paul_brown_stadium,/bin/bash
rg1564,riverlyn,gottesman,f,december 5 1992,49ers,35,Kick_returner,heinz_field,/bin/bash
gm1834,griffyn,mikell,f,august 9 1993,chiefs,94,cornerback,centurylink_field,/bin/tcsh
mc1595,maynor,canelo,m,november 13 1994,jaguars,95,middle_linebacker,heinz_field,/bin/ksh
bf1830,blaire,fierro,f,january 17 1993,titans,54,running_back,mt_bank_stadium,/bin/csh
kw1752,korin,wolfgang,f,july 11 1988,falcons,95,safety,centurylink_field,/bin/ksh
rh1259,rohin,hallen,m,september 7 1995,rams,95,center,mt_bank_stadium,/bin/tcsh
jr1590,jeremiah,ryder,f,november 16 1993,giants,28,punt_returner,us_bank_stadium,/bin/ksh
qa1793,quang,achenbach,m,february 18 1996,jaguars,34,upback,broncos_stadium,/bin/ksh
rt1004,rayella,todorov,f,june 11 1996,seahawks,93,long_snapper,nrg_stadium,/bin/bash
ai1052,anvika,island,f,december 4 1985,steelers,34,Kick_returner,gillette_stadium,/bin/csh
mg1309,matti,geise,m,march 18 1998,bills,43,cornerback,nissan_stadium,/bin/bash
rj1747,reham,jansma,f,november 25 1985,browns,85,offensive_tackle,new_era_field,/bin/bash
er1220,esma,rappe,f,march 28 1997,chargers,4,cornerback,arrowhead_stadium,/bin/ksh
ng1638,neta,graffeo,f,march 10 1999,falcons,73,offensive_guard,bank_of_america_stadium,/bin/tcsh
jg1035,joule,getter,f,april 4 1988,browns,96,punter,att_stadium,/bin/bash
kd1410,krishang,dodds,m,october 10 1995,raiders,42,kickoff_specialist,nrg_stadium,/bin/bash
yb1362,yaritzy,bogue,f,june 2 1990,patriots,18,punter,dignity_health_sports_park,/bin/csh
jr1519,jolie,roll,f,february 27 1997,colts,43,cornerback,nrg_stadium,/bin/csh
dz1299,draylon,zeferino,m,september 17 1995,falcons,36,punter,metlife_stadium,/bin/bash
aw1408,annaleigha,waldner,f,june 1 1988,patriots,59,cornerback,new_era_field,/bin/tcsh
lb1268,lulani,bank,f,september 30 1988,chiefs,80,dimeback,levis_stadium,/bin/tcsh
rd1809,robben,ditty,m,october 5 1999,ravens,54,cornerback,ford_field,/bin/ksh
rg1290,rosalind,guyette,f,may 16 1992,vikings,48,punter,los_angeles_memorial_coliseum,/bin/csh
vc1663,violett,caminiti,f,july 20 1998,colts,70,kicker,firstenergy_stadium,/bin/bash
eb1970,ellanie,boddy,f,july 13 1996,colts,30,offensive_guard,los_angeles_memorial_coliseum,/bin/ksh
mr1748,maryalice,roat,f,september 6 1994,bills,89,center,levis_stadium,/bin/tcsh
bu1416,benny,ullmann,m,january 17 1991,saints,43,jammer,oakland_alameda_county_coliseum,/bin/bash
ls1491,landis,skoglund,m,september 7 1994,titans,51,running_back,oakland_alameda_county_coliseum,/bin/ksh
ml1186,maleigha,langley,f,march 27 1991,panthers,13,outside_linebacker,hard_rock_stadium,/bin/bash
vj1990,valeska,jasso,f,april 15 1989,redskins,61,defensive_end,nrg_stadium,/bin/tcsh
dm1218,destyni,michelson,f,january 8 1989,jets,3,punter,fedex_field,/bin/csh
ag1867,arielle,gertz,f,june 26 1995,titans,79,cornerback,bank_of_america_stadium,/bin/bash
kb1023,kolten,boles,m,july 16 1991,panthers,66,offensive_guard,nrg_stadium,/bin/tcsh
ar1076,adiana,runk,f,august 3 1988,broncos,58,wide_receiver,bank_of_america_stadium,/bin/bash
bp1160,bradie,politis,f,september 9 1997,saints,53,middle_linebacker,broncos_stadium,/bin/ksh
sk1216,saddie,kilbourn,f,november 9 1996,packers,8,upback,metlife_stadium,/bin/csh
ma1303,maggi,abreu,f,april 11 1996,cardinals,29,offensive_guard,lincoln_financial_field,/bin/tcsh
ad1321,ailen,dutta,f,august 16 1992,saints,60,jammer,lincoln_financial_field,/bin/csh
km1547,kylyn,manders,f,november 4 1996,buccaneers,73,quarterback,arrowhead_stadium,/bin/ksh
tr1549,tejas,rummel,m,august 12 1991,cowboys,45,cornerback,nrg_stadium,/bin/bash
ja1254,jannah,ahmed,f,june 10 1988,steelers,83,defensive_tackle,state_farm_stadium,/bin/tcsh
jb1426,jasai,bebee,m,july 4 1993,dolphins,8,offensive_guard,att_stadium,/bin/tcsh
qh1637,quinlyn,holm,f,december 10 1991,texans,78,long_snapper,heinz_field,/bin/ksh
ow1618,oyindamola,woodell,f,december 12 1998,bills,76,upback,raymond_james_stadium,/bin/bash
nc1632,nohealani,culley,f,december 18 1997,raiders,34,cornerback,mercedes_benz_superdome,/bin/tcsh
km1724,kion,montufar,m,june 10 1991,browns,72,offensive_guard,mercedes_benz_superdome,/bin/csh
mb1924,mannix,bishoff,m,february 16 1994,redskins,10,safety,raymond_james_stadium,/bin/bash
ms1815,maxx,sayavong,f,august 14 1991,chargers,8,offensive_guard,lucas_oil_stadium,/bin/ksh
lr1656,luis,rohrs,m,april 11 1988,bengals,33,defensive_tackle,centurylink_field,/bin/ksh
kg1216,khloee,goeke,f,march 17 1992,cowboys,17,running_back,new_era_field,/bin/ksh
ck1157,chrisangel,kastner,m,july 25 1988,49ers,9,long_snapper,us_bank_stadium,/bin/csh
hd1096,haydon,dudek,f,june 26 1994,jets,52,Kick_returner,soldier_field,/bin/ksh
dd1314,debanhy,deshields,f,june 27 1989,49ers,11,cornerback,centurylink_field,/bin/csh
tr1367,timothy,rinaldi,m,april 19 1997,lions,42,kickoff_specialist,us_bank_stadium,/bin/tcsh
yb1738,yichen,banegas,f,november 12 1999,buccaneers,61,punter,new_era_field,/bin/csh
ls1457,lynzie,sudderth,f,may 27 1999,rams,25,kicker,lambeau_field,/bin/csh
yb1412,yashvi,boulanger,f,february 21 1992,browns,37,defensive_end,mercedes_benz_superdome,/bin/tcsh
fc1789,faeryn,crenshaw,f,april 21 1997,lions,47,safety,dignity_health_sports_park,/bin/ksh
cp1785,cayo,plazola,m,january 21 1993,bills,67,jammer,bank_of_america_stadium,/bin/tcsh
lo1863,leianna,offutt,f,november 10 1988,vikings,53,kickoff_specialist,att_stadium,/bin/csh
ad1831,audi,daher,m,october 6 1988,raiders,6,tight_end,arrowhead_stadium,/bin/csh
zd1526,zeven,dickert,m,july 2 1994,bears,79,outside_linebacker,state_farm_stadium,/bin/bash
le1802,lenard,england,m,march 5 1995,bears,53,jammer,ford_field,/bin/csh
mn1313,maison,nery,m,october 29 1985,lions,88,upback,mt_bank_stadium,/bin/tcsh
rb1322,rosabelle,belding,f,july 18 1998,seahawks,94,dimeback,nissan_stadium,/bin/bash
js1917,javonte,smotherman,m,october 15 1989,buccaneers,12,outside_linebacker,levis_stadium,/bin/csh
mw1684,manuel,whitecotton,m,june 14 1997,panthers,60,defensive_tackle,ford_field,/bin/bash
ir1839,ilan,roback,m,may 12 1986,dolphins,19,running_back,state_farm_stadium,/bin/ksh
cs1172,carsen,sirota,f,september 14 1985,colts,35,defensive_end,mercedes_benz_stadium,/bin/ksh
ms1016,matai,semones,m,november 5 1998,texans,50,nickelback,fedex_field,/bin/bash
as1673,ayannah,stegeman,f,may 5 1986,browns,3,punt_returner,ford_field,/bin/csh
jm1534,joya,mcgough,f,may 28 1988,chargers,23,holder,mt_bank_stadium,/bin/tcsh
sd1029,shae,drayton,f,november 16 1988,panthers,73,holder,nissan_stadium,/bin/ksh
sd1159,skyler,demesa,f,july 22 1997,titans,10,middle_linebacker,nissan_stadium,/bin/tcsh
aa1503,aryn,amell,f,january 11 1993,patriots,59,punter,oakland_alameda_county_coliseum,/bin/csh
dc1764,dyon,coogan,m,august 18 1994,steelers,78,safety,paul_brown_stadium,/bin/csh
mb1474,manases,bandi,m,february 28 1994,bears,16,cornerback,oakland_alameda_county_coliseum,/bin/ksh
eb1357,edward,betancourt,m,october 9 1994,cardinals,66,middle_linebacker,paul_brown_stadium,/bin/bash
sh1805,soli,hupp,f,march 3 1998,ravens,86,defensive_end,mercedes_benz_superdome,/bin/csh
hy1345,haneef,yuhasz,m,february 12 1986,titans,75,tight_end,nrg_stadium,/bin/bash
js1596,janie,strawder,f,july 1 1988,chargers,43,punter,lucas_oil_stadium,/bin/ksh
rc1984,ronel,cuenca,m,june 30 1986,eagles,51,quarterback,raymond_james_stadium,/bin/ksh
ab1468,abagail,beckler,f,january 4 1991,bengals,41,punt_returner,dignity_health_sports_park,/bin/bash
jf1703,journeigh,frees,f,october 16 1997,browns,13,cornerback,att_stadium,/bin/csh
kr1465,knoxley,roch,f,january 25 1998,bills,61,defensive_tackle,lincoln_financial_field,/bin/ksh
es1003,evamaria,sama,f,november 22 1997,redskins,90,Kick_returner,paul_brown_stadium,/bin/csh
fk1212,fitzgerald,kinnear,m,june 8 1988,dolphins,66,offensive_tackle,fedex_field,/bin/ksh
jr1380,janylah,rabe,f,september 14 1988,jaguars,48,safety,soldier_field,/bin/bash
kc1359,kadric,clapham,m,march 6 1986,broncos,72,offensive_guard,soldier_field,/bin/tcsh
ll1997,lauralei,loredo,f,june 3 1989,titans,15,upback,mercedes_benz_superdome,/bin/tcsh
jp1781,jquan,perin,m,january 29 1990,bears,43,punter,centurylink_field,/bin/csh
cl1009,cyprus,landy,m,may 16 1996,patriots,73,jammer,mt_bank_stadium,/bin/ksh
kb1562,kory,bonacci,f,june 27 1995,49ers,1,long_snapper,ford_field,/bin/csh
sb1893,semira,burkle,f,november 24 1999,chargers,49,upback,soldier_field,/bin/bash
js1794,jethro,spurrier,m,june 26 1996,browns,45,upback,lambeau_field,/bin/csh
jy1217,jenica,yusko,f,august 3 1988,ravens,31,offensive_tackle,state_farm_stadium,/bin/ksh
tq1804,timur,quarles,m,july 1 1996,cardinals,27,offensive_tackle,heinz_field,/bin/bash
kk1365,kessler,kassel,m,july 19 1989,cowboys,38,kicker,tiaa_bank_field,/bin/tcsh
ba1866,bowe,allers,m,april 2 1998,bills,33,offensive_guard,mercedes_benz_superdome,/bin/bash
lh1002,labron,harbour,m,february 26 1999,eagles,25,tight_end,gillette_stadium,/bin/ksh
hm1835,harpergrace,myler,f,january 26 1987,dolphins,33,long_snapper,hard_rock_stadium,/bin/csh
zk1271,zaniel,krausz,m,april 24 1993,falcons,93,holder,tiaa_bank_field,/bin/bash
dc1123,derrion,crowley,m,may 30 1995,49ers,9,dimeback,fedex_field,/bin/tcsh
bg1084,brycen,gantz,m,october 23 1998,eagles,1,kicker,hard_rock_stadium,/bin/tcsh
md1047,marque,dolphin,m,may 3 1989,rams,56,defensive_end,raymond_james_stadium,/bin/ksh
ab1633,adriaan,bodenhamer,m,february 5 1991,steelers,32,Kick_returner,nrg_stadium,/bin/ksh
jp1112,jefe,placide,m,april 24 1987,texans,22,wide_receiver,lucas_oil_stadium,/bin/bash
zm1664,zhamir,matousek,m,december 24 1987,colts,13,safety,raymond_james_stadium,/bin/bash
jm1421,jordi,mcdonald,f,november 19 1990,49ers,19,center,mercedes_benz_superdome,/bin/bash
kw1121,koa,wommack,f,october 5 1993,lions,83,offensive_guard,lucas_oil_stadium,/bin/csh
fl1924,freddie,loth,m,october 3 1996,buccaneers,30,holder,levis_stadium,/bin/ksh
rb1970,rayyan,bellomy,m,april 27 1986,browns,96,holder,lincoln_financial_field,/bin/tcsh
jc1506,jaylinn,carver,f,december 4 1992,panthers,85,punt_returner,mercedes_benz_superdome,/bin/bash
ht1616,hollister,treaster,m,november 29 1993,browns,7,quarterback,metlife_stadium,/bin/csh
ol1927,oneida,lindemuth,f,march 11 1997,jets,74,holder,broncos_stadium,/bin/bash
ta1035,tallia,alix,f,may 17 1997,seahawks,65,upback,mt_bank_stadium,/bin/csh
cl1041,chaynee,looney,f,february 9 1992,cardinals,46,defensive_end,firstenergy_stadium,/bin/ksh
yc1890,yaneisy,crosswhite,f,november 3 1990,texans,24,tight_end,mercedes_benz_superdome,/bin/csh
mj1159,monai,jamieson,f,september 17 1992,titans,3,center,oakland_alameda_county_coliseum,/bin/bash
sh1055,sam,hutchings,m,august 29 1998,49ers,48,running_back,ford_field,/bin/bash
jt1181,jazarah,toma,f,august 17 1985,rams,8,center,broncos_stadium,/bin/bash
ra1757,reymond,atilano,m,february 11 1997,colts,52,safety,tiaa_bank_field,/bin/bash
dk1280,dawud,klein,m,december 6 1999,panthers,27,kicker,heinz_field,/bin/bash
ay1654,alaysia,younts,f,september 9 1999,buccaneers,11,Kick_returner,tiaa_bank_field,/bin/csh
kl1313,kaylani,luera,f,january 5 1996,redskins,29,defensive_tackle,firstenergy_stadium,/bin/csh
mg1642,marlina,gambill,f,august 12 1992,eagles,21,cornerback,nrg_stadium,/bin/ksh
ml1062,maral,lemond,f,january 13 1998,jaguars,40,gunner,att_stadium,/bin/bash
dg1722,daymond,goens,m,march 20 1993,panthers,7,Kick_returner,lucas_oil_stadium,/bin/bash
mh1968,marcelino,hout,m,march 6 1985,saints,19,offensive_guard,paul_brown_stadium,/bin/ksh
lb1463,louna,bross,f,november 4 1991,bills,26,quarterback,tiaa_bank_field,/bin/csh
ms1838,matthais,saleh,m,june 10 1998,steelers,40,punt_returner,oakland_alameda_county_coliseum,/bin/bash
zv1358,zanai,valle,f,january 1 1999,49ers,21,quarterback,tiaa_bank_field,/bin/tcsh
kw1130,kadiatou,weisenburger,f,april 1 1994,seahawks,81,wide_receiver,lucas_oil_stadium,/bin/ksh
am1646,aubryelle,mullis,f,july 28 1989,bears,36,upback,los_angeles_memorial_coliseum,/bin/bash
df1433,drew,fitzsimons,m,june 25 1994,giants,64,kickoff_specialist,hard_rock_stadium,/bin/bash
ll1330,lamari,louks,m,april 27 1988,panthers,34,wide_receiver,lincoln_financial_field,/bin/csh
sk1288,shaina,kauffmann,f,october 23 1988,colts,45,Kick_returner,state_farm_stadium,/bin/tcsh
bb1083,berry,boyter,f,february 29 1995,steelers,96,gunner,us_bank_stadium,/bin/tcsh
ma1956,masyn,alban,m,november 17 1986,bengals,64,upback,fedex_field,/bin/bash
jc1667,jabrill,credeur,m,march 10 1993,cowboys,76,punter,state_farm_stadium,/bin/bash
cv1059,carlee,viegas,f,june 20 1999,saints,71,holder,nissan_stadium,/bin/tcsh
kh1519,keven,huyser,m,july 23 1991,patriots,80,upback,dignity_health_sports_park,/bin/bash
dg1960,dottie,gendreau,f,august 28 1997,seahawks,18,running_back,att_stadium,/bin/bash
jf1393,jhonny,favreau,m,february 14 1993,eagles,19,defensive_tackle,ford_field,/bin/csh
mf1411,mariahlynn,faro,f,april 20 1998,eagles,85,tight_end,raymond_james_stadium,/bin/csh
eb1524,essence,bouma,f,may 16 1985,rams,63,nickelback,dignity_health_sports_park,/bin/csh
mr1263,monet,rydberg,f,may 15 1986,colts,51,holder,mercedes_benz_stadium,/bin/ksh
co1769,carsten,ogaz,m,september 24 1995,raiders,45,kickoff_specialist,los_angeles_memorial_coliseum,/bin/tcsh
cs1882,callista,sagar,f,august 8 1992,49ers,82,nickelback,nrg_stadium,/bin/bash
np1684,nika,puls,f,february 3 1990,broncos,3,punt_returner,soldier_field,/bin/ksh
bg1517,breanna,grover,f,july 18 1999,rams,80,holder,gillette_stadium,/bin/ksh
zd1378,zaide,durden,m,august 13 1996,steelers,79,nickelback,att_stadium,/bin/tcsh
bh1950,breezy,hagins,f,april 27 1987,bears,33,running_back,levis_stadium,/bin/ksh
al1220,apphia,laroque,f,january 14 1999,redskins,72,wide_receiver,oakland_alameda_county_coliseum,/bin/tcsh
zo1100,zahari,omahony,f,february 30 1999,bills,31,punt_returner,lucas_oil_stadium,/bin/csh
dl1379,dejay,lucht,m,august 17 1989,eagles,88,punter,centurylink_field,/bin/tcsh
ap1889,alyse,pool,f,april 21 1997,redskins,43,Kick_returner,mercedes_benz_stadium,/bin/csh
rb1682,ray,behrmann,m,april 29 1995,cowboys,26,punt_returner,paul_brown_stadium,/bin/ksh
rw1325,rivington,wille,m,june 30 1988,saints,28,jammer,lincoln_financial_field,/bin/csh
ih1794,ilyssa,horsey,f,july 21 1998,cardinals,48,punter,paul_brown_stadium,/bin/ksh
ew1033,elon,weil,f,october 23 1985,eagles,31,upback,mt_bank_stadium,/bin/bash
oc1098,obed,coopersmith,m,september 8 1996,jaguars,5,cornerback,nissan_stadium,/bin/bash
ac1289,akari,cottingham,f,april 7 1992,saints,2,kickoff_specialist,fedex_field,/bin/ksh
tl1381,taleyah,lecroy,f,november 23 1996,browns,1,upback,oakland_alameda_county_coliseum,/bin/bash
bb1581,breale,blundell,f,may 7 1985,dolphins,57,middle_linebacker,raymond_james_stadium,/bin/csh
nd1725,nalani,drees,f,july 20 1990,cowboys,60,kickoff_specialist,dignity_health_sports_park,/bin/csh
af1764,akil,frady,m,july 13 1993,cardinals,24,offensive_guard,gillette_stadium,/bin/tcsh
ib1237,imona,batterson,f,september 7 1994,dolphins,40,running_back,lucas_oil_stadium,/bin/ksh
ji1086,jarah,ipina,f,february 11 1985,vikings,95,jammer,los_angeles_memorial_coliseum,/bin/ksh
br1214,beatriz,robards,f,february 28 1988,49ers,95,dimeback,gillette_stadium,/bin/ksh
kn1902,kamela,nickerson,f,march 13 1991,browns,98,offensive_tackle,fedex_field,/bin/ksh
rb1076,rigsby,brucato,m,august 18 1991,ravens,7,Kick_returner,oakland_alameda_county_coliseum,/bin/bash
np1528,neev,parent,m,december 1 1993,steelers,40,middle_linebacker,oakland_alameda_county_coliseum,/bin/csh
cd1772,cera,dungey,f,november 17 1995,broncos,10,offensive_guard,mt_bank_stadium,/bin/ksh
as1532,ashir,sucher,m,august 14 1996,browns,72,nickelback,mercedes_benz_stadium,/bin/ksh
rr1161,raif,rackers,m,april 13 1987,broncos,59,wide_receiver,mercedes_benz_stadium,/bin/csh
ld1255,lucca,deoliveira,f,april 16 1990,bears,6,tight_end,lincoln_financial_field,/bin/csh
an1466,anahia,naqvi,f,august 27 1986,saints,23,kicker,mercedes_benz_superdome,/bin/ksh
ap1872,aseel,pridemore,f,december 25 1997,redskins,16,kicker,lincoln_financial_field,/bin/tcsh
sb1713,senan,brewer,m,february 27 1991,texans,54,middle_linebacker,levis_stadium,/bin/ksh
am1642,audrie,michie,f,february 22 1986,seahawks,43,kicker,firstenergy_stadium,/bin/csh
eb1054,evon,barberena,m,march 12 1987,bills,86,kicker,oakland_alameda_county_coliseum,/bin/bash
gl1633,gurjot,lorenzi,m,may 20 1988,rams,54,defensive_tackle,nrg_stadium,/bin/ksh
sv1870,sivan,vonfeldt,m,july 28 1999,raiders,54,defensive_tackle,nrg_stadium,/bin/tcsh
kc1197,kahi,crager,m,june 20 1995,bengals,11,kicker,gillette_stadium,/bin/ksh
sb1040,saanvireddy,born,f,july 12 1990,texans,60,tight_end,broncos_stadium,/bin/csh
am1413,amanda,mecca,f,december 10 1998,eagles,31,middle_linebacker,lucas_oil_stadium,/bin/ksh
eh1619,eugenia,hartwell,f,october 29 1997,ravens,59,jammer,heinz_field,/bin/bash
ec1396,emrah,canter,m,march 19 1997,vikings,19,defensive_end,paul_brown_stadium,/bin/csh
mh1656,maryfrances,hiett,f,march 24 1999,patriots,12,gunner,heinz_field,/bin/csh
dd1468,daisee,dorrough,f,september 21 1997,patriots,35,gunner,mt_bank_stadium,/bin/csh
ag1525,auden,gambrel,f,march 29 1993,cowboys,23,defensive_end,mercedes_benz_stadium,/bin/bash
fd1046,fatma,damm,f,september 28 1998,dolphins,48,defensive_tackle,nissan_stadium,/bin/ksh
jv1262,jkai,volcy,m,june 1 1988,chiefs,93,kicker,heinz_field,/bin/csh
mk1893,manaswini,kuehner,f,april 8 1993,colts,20,jammer,mt_bank_stadium,/bin/tcsh
us1600,unique,sifuentes,m,october 26 1998,saints,94,long_snapper,nissan_stadium,/bin/bash
jl1627,jaelani,liranzo,f,december 6 1986,eagles,15,middle_linebacker,bank_of_america_stadium,/bin/bash
lg1225,leeam,greif,m,april 16 1991,steelers,73,defensive_end,firstenergy_stadium,/bin/ksh
js1042,jimmie,stjulien,f,july 3 1999,texans,5,dimeback,nissan_stadium,/bin/csh
bg1511,brianna,garbarino,m,may 28 1987,bills,52,kicker,ford_field,/bin/ksh
bd1776,bradlee,daulton,m,september 6 1994,vikings,76,jammer,hard_rock_stadium,/bin/csh
ac1956,angelene,carlson,f,january 16 1991,saints,73,defensive_end,tiaa_bank_field,/bin/ksh
tb1731,taliah,bacote,f,june 21 1988,texans,32,punter,arrowhead_stadium,/bin/tcsh
af1513,amirr,freytag,m,november 24 1991,jets,66,wide_receiver,tiaa_bank_field,/bin/csh
jk1707,jacek,knupp,m,september 7 1994,panthers,82,Kick_returner,gillette_stadium,/bin/ksh
je1213,jc,enyart,m,october 5 1998,titans,70,outside_linebacker,tiaa_bank_field,/bin/ksh
so1496,sofiamarie,ogles,f,september 11 1989,eagles,21,nickelback,new_era_field,/bin/tcsh
fr1642,falicity,roemer,f,august 22 1988,panthers,78,tight_end,lincoln_financial_field,/bin/ksh
sr1111,sonny,rosenbloom,f,may 10 1990,jets,24,quarterback,bank_of_america_stadium,/bin/tcsh
rr1933,rubyann,rackley,f,october 13 1995,lions,84,offensive_guard,lucas_oil_stadium,/bin/ksh
kw1146,kamrin,westcott,m,august 10 1998,browns,67,kickoff_specialist,los_angeles_memorial_coliseum,/bin/tcsh
lb1908,leonard,bynoe,m,october 3 1992,seahawks,82,long_snapper,state_farm_stadium,/bin/tcsh
os1844,olly,shapiro,m,may 7 1995,raiders,6,kickoff_specialist,oakland_alameda_county_coliseum,/bin/tcsh
sw1947,skyler,welden,m,march 27 1999,giants,49,center,dignity_health_sports_park,/bin/tcsh
rc1807,rajanae,cinelli,f,august 23 1995,cowboys,36,tight_end,arrowhead_stadium,/bin/tcsh
aa1968,aislinn,ancheta,f,october 2 1993,giants,6,quarterback,lucas_oil_stadium,/bin/ksh
na1608,nilufer,apolinar,f,august 23 1994,bears,33,holder,mercedes_benz_stadium,/bin/ksh
ag1540,artem,gebhard,m,november 22 1998,packers,12,wide_receiver,tiaa_bank_field,/bin/tcsh
ac1683,aylah,cates,f,july 27 1992,jets,43,long_snapper,paul_brown_stadium,/bin/ksh
bs1676,bijou,sandifer,f,october 12 1992,dolphins,56,center,levis_stadium,/bin/tcsh
cv1296,christen,valenzuela,f,june 3 1985,cowboys,79,Kick_returner,hard_rock_stadium,/bin/csh
nf1871,nithika,fordham,f,may 16 1995,jets,49,defensive_tackle,lincoln_financial_field,/bin/bash
st1282,syla,topp,f,february 1 1989,patriots,84,punt_returner,soldier_field,/bin/ksh
gh1425,gary,hypolite,m,june 15 1999,browns,61,defensive_tackle,metlife_stadium,/bin/csh
mm1132,meko,manansala,m,july 29 1985,titans,90,jammer,raymond_james_stadium,/bin/tcsh
rz1197,rom,zender,m,april 16 1990,eagles,38,middle_linebacker,nrg_stadium,/bin/tcsh
rb1530,romaine,brimm,m,march 26 1993,panthers,74,gunner,broncos_stadium,/bin/ksh
bb1532,breonna,brahm,f,september 6 1994,jets,93,kicker,soldier_field,/bin/ksh
zl1265,zaidan,lesher,m,october 2 1993,chiefs,88,kickoff_specialist,arrowhead_stadium,/bin/tcsh
tg1333,thaison,guglielmi,m,february 14 1989,buccaneers,76,gunner,paul_brown_stadium,/bin/tcsh
cg1357,chayim,gaudin,m,february 8 1991,broncos,96,outside_linebacker,oakland_alameda_county_coliseum,/bin/bash
jt1547,jeslyn,tinder,f,september 5 1988,bills,12,punter,firstenergy_stadium,/bin/bash
as1068,adien,saitta,m,december 2 1987,cowboys,85,Kick_returner,lucas_oil_stadium,/bin/ksh
nw1790,nisa,wargo,f,july 21 1985,texans,44,kickoff_specialist,us_bank_stadium,/bin/csh
bt1843,braxen,tellis,m,march 2 1988,eagles,99,long_snapper,new_era_field,/bin/csh
al1116,annalis,laracuente,f,july 21 1991,browns,64,upback,mercedes_benz_stadium,/bin/csh
km1120,kalea,minter,f,november 29 1993,saints,60,punter,mt_bank_stadium,/bin/csh
dl1079,dryden,lemond,m,february 24 1996,browns,19,wide_receiver,los_angeles_memorial_coliseum,/bin/bash
jb1261,jabril,buist,m,november 30 1995,cardinals,3,cornerback,mt_bank_stadium,/bin/ksh
lc1741,lucciano,corwin,m,august 2 1996,raiders,10,long_snapper,arrowhead_stadium,/bin/bash
de1188,demetrio,estep,m,may 15 1987,steelers,8,tight_end,dignity_health_sports_park,/bin/csh
mb1824,montay,brentlinger,m,april 19 1993,chiefs,76,offensive_tackle,firstenergy_stadium,/bin/bash
mt1266,massi,tashjian,m,july 19 1992,bears,53,quarterback,mercedes_benz_superdome,/bin/bash
lb1918,liseth,boyes,f,september 15 1999,texans,7,safety,gillette_stadium,/bin/tcsh
jm1390,jeancarlo,mancino,m,march 1 1998,redskins,69,kickoff_specialist,levis_stadium,/bin/ksh
mr1758,murphie,rohner,f,december 11 1995,49ers,5,long_snapper,soldier_field,/bin/tcsh
ne1618,nialani,embry,f,june 25 1998,seahawks,97,jammer,new_era_field,/bin/ksh
kb1709,khaled,baisley,m,august 6 1993,titans,41,jammer,lincoln_financial_field,/bin/csh
tg1903,tiarra,germaine,f,may 14 1999,saints,85,kickoff_specialist,new_era_field,/bin/ksh
at1768,arsalan,tebbe,m,january 25 1988,bengals,30,punt_returner,nrg_stadium,/bin/bash
mn1182,markeis,navarrete,m,march 24 1994,packers,40,wide_receiver,new_era_field,/bin/ksh
tk1661,tyke,kopf,m,february 12 1998,seahawks,86,middle_linebacker,levis_stadium,/bin/tcsh
nm1680,noga,melendy,f,july 7 1993,vikings,54,dimeback,mercedes_benz_superdome,/bin/ksh
yi1142,yadhira,italiano,f,august 10 1992,chargers,59,cornerback,nrg_stadium,/bin/bash
kq1084,kharson,quadri,m,june 9 1995,49ers,47,middle_linebacker,ford_field,/bin/tcsh
ah1210,arinzechukwu,hentges,m,june 19 1994,seahawks,61,tight_end,gillette_stadium,/bin/csh
ht1234,harjap,tun,m,june 15 1989,jets,39,safety,bank_of_america_stadium,/bin/csh
di1899,dusten,infantino,m,december 8 1990,chargers,52,kickoff_specialist,levis_stadium,/bin/tcsh
jf1553,jaylan,franqui,m,january 24 1986,browns,19,long_snapper,paul_brown_stadium,/bin/tcsh
ac1268,abira,cannaday,f,july 4 1995,dolphins,43,offensive_tackle,mercedes_benz_stadium,/bin/tcsh
dc1599,dalany,canino,f,december 11 1992,bills,25,wide_receiver,firstenergy_stadium,/bin/ksh
gd1735,gentrie,dejonge,f,july 24 1989,giants,76,punt_returner,centurylink_field,/bin/csh
in1961,iridessa,nesler,f,october 10 1991,patriots,86,defensive_tackle,lambeau_field,/bin/bash
eh1990,eber,heim,m,april 9 1995,chargers,7,holder,los_angeles_memorial_coliseum,/bin/tcsh
mc1600,meir,caverly,m,march 21 1997,colts,59,offensive_tackle,los_angeles_memorial_coliseum,/bin/ksh
mt1793,micco,teater,m,september 6 1999,titans,57,gunner,soldier_field,/bin/ksh
ms1746,mckinnley,stillwagon,m,november 4 1992,chargers,57,Kick_returner,mt_bank_stadium,/bin/cshrv1732,ramon,vivanco,m,september 15 1987,broncos,41,quarterback,nissan_stadium,/bin/ksh
sm1022,surina,moats,f,june 9 1993,bears,80,running_back,arrowhead_stadium,/bin/ksh
hb1684,holli,bekker,f,march 12 1998,eagles,92,long_snapper,dignity_health_sports_park,/bin/bash
mk1511,matson,khong,m,may 24 1986,eagles,51,wide_receiver,arrowhead_stadium,/bin/csh
am1776,azarius,morelos,m,may 25 1987,jets,17,nickelback,mt_bank_stadium,/bin/csh
ms1304,maximiliano,santillanes,m,december 21 1990,chargers,91,defensive_tackle,ford_field,/bin/bash
ha1391,hamdan,argo,m,december 17 1992,broncos,13,dimeback,us_bank_stadium,/bin/ksh
bc1949,benjamin,carbone,f,september 12 1986,cardinals,51,upback,paul_brown_stadium,/bin/tcsh
ao1501,avyansh,obanion,m,june 5 1990,lions,8,cornerback,mercedes_benz_stadium,/bin/ksh
pb1789,pavle,bobb,m,december 26 1987,dolphins,40,punt_returner,los_angeles_memorial_coliseum,/bin/tcsh
bt1503,baylen,tomczyk,f,june 2 1996,colts,2,Kick_returner,lincoln_financial_field,/bin/tcsh
cw1460,carlson,wilcoxson,m,june 24 1988,cowboys,25,running_back,los_angeles_memorial_coliseum,/bin/ksh
da1088,daley,angelos,f,october 18 1999,colts,15,running_back,firstenergy_stadium,/bin/csh
jw1964,jermia,whelan,f,august 30 1997,texans,24,nickelback,soldier_field,/bin/ksh
rr1643,riven,rives,f,october 16 1989,bills,59,defensive_end,broncos_stadium,/bin/ksh
ng1388,nallah,gillian,f,august 1 1995,redskins,93,long_snapper,oakland_alameda_county_coliseum,/bin/tcsh
js1300,jannat,spell,f,june 13 1991,buccaneers,58,punter,dignity_health_sports_park,/bin/csh
ya1112,yamilex,aquilino,f,january 9 1985,falcons,35,tight_end,mercedes_benz_stadium,/bin/csh
dh1529,dewey,hartsell,m,march 19 1987,redskins,68,safety,arrowhead_stadium,/bin/ksh
kv1470,kanishka,vallone,f,february 13 1992,redskins,41,quarterback,oakland_alameda_county_coliseum,/bin/csh
ik1644,ilia,klages,f,february 26 1996,chargers,38,running_back,us_bank_stadium,/bin/bash
ab1829,anylah,babers,f,april 21 1998,patriots,6,defensive_end,centurylink_field,/bin/bash
uc1722,uilliam,cornman,m,october 9 1993,broncos,95,safety,mercedes_benz_stadium,/bin/csh
le1181,linkon,essary,m,june 2 1987,ravens,7,upback,att_stadium,/bin/ksh
bm1317,bostyn,millspaugh,m,april 29 1992,cardinals,39,jammer,lambeau_field,/bin/bash
jb1595,joshuan,bernabe,m,september 15 1990,colts,57,running_back,hard_rock_stadium,/bin/tcsh
jg1253,jayda,ganoe,f,july 7 1992,jaguars,56,outside_linebacker,att_stadium,/bin/csh
jm1707,julieth,mims,f,june 18 1985,giants,80,punt_returner,state_farm_stadium,/bin/tcsh
ws1464,wendell,schneider,m,may 16 1990,broncos,24,upback,hard_rock_stadium,/bin/csh
mt1778,macen,terrill,m,december 22 1996,colts,26,offensive_guard,new_era_field,/bin/csh
co1923,carsen,oberlin,m,february 23 1985,chiefs,97,defensive_tackle,mercedes_benz_stadium,/bin/csh
kw1794,kamani,wilkinson,f,july 27 1995,giants,27,tight_end,soldier_field,/bin/bash
ak1435,amiyrah,kidder,f,march 24 1998,ravens,31,wide_receiver,los_angeles_memorial_coliseum,/bin/csh
ap1589,areebah,paddock,f,june 16 1987,jaguars,40,defensive_end,new_era_field,/bin/bash
ac1557,armand,conigliaro,m,may 23 1996,bills,92,defensive_tackle,arrowhead_stadium,/bin/bash
km1794,kaylea,moses,f,august 19 1994,seahawks,56,cornerback,soldier_field,/bin/ksh
mg1554,matthews,gavidia,m,january 30 1991,chiefs,79,offensive_tackle,att_stadium,/bin/csh
vi1827,viara,ige,f,may 1 1985,giants,83,offensive_guard,bank_of_america_stadium,/bin/ksh
ap1039,arna,paschke,f,march 10 1991,bengals,78,kicker,centurylink_field,/bin/csh
nz1658,nikolai,zak,m,november 27 1988,redskins,83,cornerback,broncos_stadium,/bin/ksh
lw1912,luna,weeks,m,july 28 1999,vikings,3,tight_end,oakland_alameda_county_coliseum,/bin/csh
dh1678,dyuti,heil,f,october 26 1985,colts,7,dimeback,dignity_health_sports_park,/bin/tcsh
sm1905,skip,mcphee,m,december 9 1991,chargers,21,kickoff_specialist,dignity_health_sports_park,/bin/ksh
jb1003,juandiego,benavides,m,august 17 1995,packers,51,quarterback,nrg_stadium,/bin/bash
nz1333,nicolette,zang,f,november 17 1995,texans,85,kickoff_specialist,dignity_health_sports_park,/bin/ksh
ff1231,favio,fauver,m,june 19 1986,ravens,77,running_back,lambeau_field,/bin/tcsh
fa1267,faolan,arabie,m,january 15 1990,lions,64,center,soldier_field,/bin/tcsh
sg1579,siyon,gorden,m,january 26 1993,jaguars,71,holder,los_angeles_memorial_coliseum,/bin/tcsh
kb1216,kynnedi,bono,f,june 11 1998,bears,88,quarterback,hard_rock_stadium,/bin/bash
ma1312,misk,artiles,f,february 25 1986,panthers,20,upback,paul_brown_stadium,/bin/bash
pp1869,phebe,petti,f,october 16 1999,eagles,11,nickelback,us_bank_stadium,/bin/bash
aw1833,annelyn,weinreich,f,november 8 1990,cardinals,8,kickoff_specialist,los_angeles_memorial_coliseum,/bin/csh
mw1312,mantaj,wilt,m,march 21 1985,lions,93,outside_linebacker,us_bank_stadium,/bin/csh
sw1107,sriyaan,waxman,m,january 19 1985,packers,56,offensive_tackle,heinz_field,/bin/tcsh
lg1925,leeland,gilbert,m,september 3 1997,jaguars,65,kicker,lucas_oil_stadium,/bin/ksh
db1581,diani,behan,f,june 12 1988,ravens,17,kicker,raymond_james_stadium,/bin/tcsh
nd1202,noa,debus,m,august 6 1993,rams,22,upback,lucas_oil_stadium,/bin/ksh
lw1594,lochlan,wilber,m,april 9 1999,buccaneers,65,punter,levis_stadium,/bin/tcsh
hf1334,hollee,farnan,f,june 23 1999,jaguars,59,defensive_tackle,tiaa_bank_field,/bin/bash
hf1297,harun,flaherty,m,december 3 1990,chiefs,51,kickoff_specialist,firstenergy_stadium,/bin/ksh
tl1710,tito,licata,m,march 27 1998,bears,31,defensive_tackle,broncos_stadium,/bin/ksh
jp1556,jaimarie,paley,f,october 30 1989,vikings,43,middle_linebacker,mt_bank_stadium,/bin/bash
rb1011,rand,blomgren,f,march 13 1998,lions,70,upback,raymond_james_stadium,/bin/csh
zv1796,zorian,ventimiglia,m,october 10 1996,ravens,69,outside_linebacker,state_farm_stadium,/bin/csh
ka1353,kaushal,arden,m,december 26 1993,colts,60,running_back,soldier_field,/bin/tcsh
uw1649,ulani,walser,f,february 8 1987,bears,44,punter,us_bank_stadium,/bin/csh
iq1057,ishaani,quinn,f,december 7 1987,cardinals,41,cornerback,us_bank_stadium,/bin/bash
rj1798,rosalena,joss,f,september 17 1988,saints,80,cornerback,lucas_oil_stadium,/bin/tcsh
ps1399,piper,sheedy,f,july 29 1994,colts,1,middle_linebacker,hard_rock_stadium,/bin/ksh
ac1904,astraya,castle,f,june 20 1999,bengals,80,offensive_tackle,nrg_stadium,/bin/csh
pm1649,paisly,manso,f,july 28 1991,rams,92,dimeback,nissan_stadium,/bin/tcsh
kd1845,kenleigh,depaul,f,september 21 1987,giants,12,defensive_end,nissan_stadium,/bin/tcsh
dw1491,draven,wichmann,f,december 3 1994,eagles,97,running_back,heinz_field,/bin/ksh
oj1767,oneil,jeanes,m,april 8 1992,giants,47,holder,metlife_stadium,/bin/bash
bb1348,baya,byrns,f,september 9 1991,vikings,50,dimeback,centurylink_field,/bin/bash
hk1720,harris,kovac,m,november 25 1999,bills,70,defensive_tackle,state_farm_stadium,/bin/csh
ks1460,khaden,shrewsberry,m,february 26 1988,jets,81,outside_linebacker,mercedes_benz_superdome,/bin/ksh
ll1867,lucine,leonetti,f,december 13 1994,falcons,73,offensive_guard,los_angeles_memorial_coliseum,/bin/bash
gz1024,gatsby,zehnder,m,september 12 1991,rams,35,offensive_guard,gillette_stadium,/bin/bash
kg1302,kastle,gebo,m,november 1 1985,bears,93,running_back,heinz_field,/bin/bash
nc1499,namyah,chasteen,f,april 17 1993,colts,19,defensive_end,tiaa_bank_field,/bin/bash
at1730,areion,torchia,m,january 10 1995,rams,10,wide_receiver,metlife_stadium,/bin/tcsh
ec1858,ezekeil,colvin,m,october 8 1995,steelers,41,holder,lambeau_field,/bin/bash
ls1151,lakelee,sturman,f,june 27 1990,dolphins,28,safety,us_bank_stadium,/bin/csh
ka1859,keelee,avellino,f,march 28 1989,ravens,96,nickelback,heinz_field,/bin/csh
bm1640,blen,merkley,f,july 25 1999,patriots,94,defensive_tackle,gillette_stadium,/bin/bash
tf1804,trudy,feng,f,january 8 1989,seahawks,56,offensive_tackle,state_farm_stadium,/bin/bash
ng1647,namine,guynes,f,october 7 1986,cardinals,37,cornerback,ford_field,/bin/ksh
do1076,deionte,osberg,m,february 10 1991,colts,86,offensive_guard,lincoln_financial_field,/bin/csh
ae1223,averyrose,eppinger,f,november 12 1996,eagles,22,cornerback,nrg_stadium,/bin/bash
dd1591,draxler,despres,m,february 28 1992,49ers,14,cornerback,bank_of_america_stadium,/bin/tcsh
km1253,kehinde,montemayor,f,march 28 1985,ravens,7,dimeback,heinz_field,/bin/ksh
km1516,kaylene,madero,f,may 4 1991,giants,12,holder,tiaa_bank_field,/bin/tcsh
as1939,analysia,schindler,f,august 7 1989,buccaneers,54,offensive_guard,state_farm_stadium,/bin/bash
in1360,ivo,nicastro,m,november 24 1988,colts,18,cornerback,soldier_field,/bin/bash
kz1329,kasima,zubiate,f,april 23 1992,colts,99,punter,metlife_stadium,/bin/bash
bt1954,brynleigh,tian,f,october 14 1985,browns,41,middle_linebacker,lambeau_field,/bin/bash
ch1545,cameran,hearn,f,august 14 1987,giants,98,defensive_end,levis_stadium,/bin/ksh
tl1254,tahreem,laramie,f,february 10 1988,chiefs,89,holder,fedex_field,/bin/tcsh
av1769,abdirashid,violante,m,august 24 1993,jets,38,middle_linebacker,bank_of_america_stadium,/bin/csh
wh1179,weylyn,heidel,f,may 3 1998,browns,98,defensive_tackle,arrowhead_stadium,/bin/csh
bt1043,breeze,truett,f,april 27 1994,colts,11,punt_returner,lincoln_financial_field,/bin/ksh
di1983,dalon,ismail,m,december 24 1995,bears,12,gunner,arrowhead_stadium,/bin/bash
nh1455,noha,hamill,m,february 28 1995,vikings,57,gunner,hard_rock_stadium,/bin/bash
av1405,adric,valliere,m,june 7 1997,chiefs,44,upback,oakland_alameda_county_coliseum,/bin/bash
mh999,mahreen,hessler,f,april 7 1993,cardinals,26,tight_end,soldier_field,/bin/csh
cp1728,camrie,pixley,f,february 15 1997,falcons,8,defensive_end,heinz_field,/bin/ksh
jm1235,jamarie,maguire,m,august 12 1999,colts,55,outside_linebacker,new_era_field,/bin/csh
ms1291,maylee,sturdivant,f,september 11 1996,49ers,8,kicker,mercedes_benz_stadium,/bin/tcsh
kl1578,katielynn,lennox,f,april 21 1991,chargers,46,punt_returner,att_stadium,/bin/tcsh
rc1161,ryeland,cashin,m,july 7 1994,raiders,23,safety,nrg_stadium,/bin/tcsh
al1507,aiiden,leopard,m,june 22 1990,bears,86,punt_returner,hard_rock_stadium,/bin/ksh
kv1394,keon,vejar,m,march 14 1997,browns,64,center,mercedes_benz_superdome,/bin/tcsh
as1592,amai,shier,f,may 3 1998,jets,1,defensive_end,paul_brown_stadium,/bin/csh
zh1065,ziani,huth,f,april 8 1986,bengals,49,wide_receiver,firstenergy_stadium,/bin/tcsh
ja1458,jersee,attaway,f,may 7 1986,saints,96,holder,mt_bank_stadium,/bin/tcsh
kb1793,kalei,bence,f,march 6 1988,jets,86,center,state_farm_stadium,/bin/tcsh
cz1233,clayre,zacarias,f,february 14 1994,lions,76,center,mt_bank_stadium,/bin/ksh
mn1941,mithila,northcott,f,june 10 1987,eagles,23,upback,heinz_field,/bin/csh
mb1676,malala,banos,f,december 17 1995,cardinals,11,dimeback,lucas_oil_stadium,/bin/ksh
op1366,othniel,paulk,m,november 2 1988,redskins,12,kicker,raymond_james_stadium,/bin/tcsh
nv1909,natalyn,viernes,f,january 10 1994,steelers,93,gunner,fedex_field,/bin/bash
fm1671,fiorella,mastro,f,november 22 1992,vikings,69,defensive_tackle,tiaa_bank_field,/bin/ksh
sr1251,shivaay,rael,m,june 26 1991,jets,38,Kick_returner,att_stadium,/bin/bash
se1691,sutherland,eilers,m,may 10 1987,jets,99,upback,los_angeles_memorial_coliseum,/bin/tcsh
zs1733,zier,sheahan,m,january 4 1997,jaguars,13,kicker,arrowhead_stadium,/bin/csh
ch1395,cylas,hack,m,march 13 1993,chiefs,84,running_back,heinz_field,/bin/bash
eg1909,everlee,gauvin,f,january 16 1999,seahawks,83,gunner,us_bank_stadium,/bin/bash
jc1671,jasiri,commisso,m,october 6 1993,redskins,5,tight_end,mercedes_benz_superdome,/bin/csh
mh1226,meghan,heras,f,september 20 1993,giants,9,offensive_guard,mercedes_benz_superdome,/bin/csh
nd1413,nahum,dupuy,m,may 9 1989,steelers,43,outside_linebacker,paul_brown_stadium,/bin/csh
jb1503,judah,blom,f,may 17 1990,packers,96,upback,dignity_health_sports_park,/bin/bash
ys1470,yalda,serafino,f,february 11 1989,bills,26,holder,lincoln_financial_field,/bin/bash
sm1027,shamir,moorehead,m,april 28 1993,browns,32,punt_returner,lincoln_financial_field,/bin/ksh
zf1599,zamari,fassler,m,september 27 1988,bengals,10,kicker,hard_rock_stadium,/bin/csh
xc1957,xxavier,curto,m,may 2 1999,giants,62,quarterback,new_era_field,/bin/bash
wd1605,weylyn,daye,m,november 5 1992,bears,80,nickelback,mercedes_benz_superdome,/bin/tcsh
lb1387,leandros,bruins,m,february 20 1994,lions,73,quarterback,paul_brown_stadium,/bin/ksh
ja1177,jaquez,albertini,m,december 11 1985,browns,42,jammer,mercedes_benz_superdome,/bin/csh
mc1549,marayah,cliett,f,september 15 1994,bengals,76,punter,soldier_field,/bin/csh
ih1067,idrees,harkey,m,december 16 1994,raiders,88,upback,raymond_james_stadium,/bin/csh
aw1281,averii,westerfield,f,april 19 1996,jaguars,11,jammer,mercedes_benz_superdome,/bin/bash
jc1241,jovanni,clayborne,f,august 14 1999,broncos,91,running_back,paul_brown_stadium,/bin/ksh
lm1280,leja,mizrahi,f,june 14 1998,vikings,89,offensive_tackle,dignity_health_sports_park,/bin/ksh
js1332,justice,sully,m,june 24 1995,jets,22,punter,us_bank_stadium,/bin/ksh
mp1232,mackinzie,perreira,f,june 10 1992,falcons,93,cornerback,mt_bank_stadium,/bin/ksh
nb1592,niza,brander,f,may 4 1999,jaguars,9,quarterback,nissan_stadium,/bin/ksh
cr1705,caeli,romito,f,december 18 1993,eagles,34,middle_linebacker,state_farm_stadium,/bin/csh
ab1459,amonte,bonetti,m,april 26 1997,dolphins,57,long_snapper,soldier_field,/bin/csh
mh1269,mostafa,huntsman,m,june 26 1993,panthers,9,nickelback,levis_stadium,/bin/bash
is1882,israfil,sant,m,august 17 1995,browns,68,center,centurylink_field,/bin/bash
bk1583,bell,kibbey,f,september 22 1993,bills,4,defensive_end,nissan_stadium,/bin/tcsh
jm1902,jaleia,mcduffy,f,april 11 1998,seahawks,19,punt_returner,paul_brown_stadium,/bin/tcsh
yd1592,yasma,decoursey,f,july 13 1991,dolphins,92,cornerback,arrowhead_stadium,/bin/tcsh
ar1590,anias,romberger,m,january 9 1995,bears,1,offensive_tackle,levis_stadium,/bin/csh
ab1371,aspynn,bucko,f,december 30 1985,saints,56,wide_receiver,nrg_stadium,/bin/ksh
ac1973,ashni,crumley,f,june 25 1998,texans,7,running_back,raymond_james_stadium,/bin/ksh
al1204,arvind,luttrell,m,march 19 1989,cowboys,32,center,los_angeles_memorial_coliseum,/bin/ksh
oc1456,olivier,colclough,m,march 27 1989,texans,30,long_snapper,mt_bank_stadium,/bin/bash
qi1496,qiana,inga,f,december 10 1988,steelers,93,holder,raymond_james_stadium,/bin/ksh
sm1459,sonora,majeski,f,june 28 1988,dolphins,72,offensive_guard,centurylink_field,/bin/tcsh
ee1488,elyanna,eischen,f,april 24 1992,colts,6,offensive_tackle,los_angeles_memorial_coliseum,/bin/tcsh
sb1964,stellamaris,britten,f,august 29 1985,cowboys,43,defensive_end,tiaa_bank_field,/bin/tcsh
yv1008,yuri,victorino,f,february 17 1990,jets,6,nickelback,hard_rock_stadium,/bin/ksh
ac1544,antoinette,curd,f,february 13 1992,raiders,76,kicker,nrg_stadium,/bin/bash
dv1248,diem,viles,m,september 26 1988,patriots,98,nickelback,fedex_field,/bin/csh
wf1139,winton,fosdick,m,january 23 1990,falcons,19,kicker,mercedes_benz_superdome,/bin/ksh
op1185,olesya,piano,f,september 29 1999,raiders,65,nickelback,dignity_health_sports_park,/bin/ksh
np1949,nicol,petrowski,f,october 7 1991,falcons,85,running_back,arrowhead_stadium,/bin/ksh
rs1878,riko,scobee,f,february 5 1990,dolphins,37,kicker,levis_stadium,/bin/bash
ms1412,malie,schomburg,f,march 23 1988,bears,26,kickoff_specialist,state_farm_stadium,/bin/csh
jb1499,jazyiah,balsamo,f,october 15 1991,steelers,26,wide_receiver,mercedes_benz_superdome,/bin/tcsh
ml1502,maher,looby,m,march 3 1988,panthers,32,jammer,heinz_field,/bin/ksh
rv1648,reagyn,verbeck,f,july 2 1998,eagles,26,cornerback,oakland_alameda_county_coliseum,/bin/ksh
ar1513,amiaya,ree,f,june 23 1994,jets,25,cornerback,mercedes_benz_superdome,/bin/tcsh
om1452,omi,mignone,m,july 18 1999,vikings,51,wide_receiver,ford_field,/bin/bash
km1001,kanaloa,mulvey,m,march 22 1995,texans,58,outside_linebacker,fedex_field,/bin/tcsh
jc1723,jaedyn,chaires,m,march 10 1989,vikings,79,kicker,oakland_alameda_county_coliseum,/bin/ksh
jq1913,juelle,qualls,f,august 6 1986,chiefs,97,kicker,broncos_stadium,/bin/tcsh
hk1631,haydin,keohane,f,january 30 1986,raiders,68,offensive_tackle,metlife_stadium,/bin/csh
kw999,kiana,weathington,f,july 17 1992,saints,88,Kick_returner,nrg_stadium,/bin/bash
ap1034,aikam,pepin,m,october 23 1994,vikings,36,safety,att_stadium,/bin/csh
jl1234,jemma,lillo,f,june 11 1988,texans,14,kickoff_specialist,dignity_health_sports_park,/bin/bash
jh1097,jaxie,harpole,f,march 24 1997,vikings,55,holder,metlife_stadium,/bin/csh
cb1545,curry,brockman,m,september 10 1994,rams,33,running_back,mercedes_benz_stadium,/bin/tcsh
mf1224,mathius,fritzler,m,october 11 1994,bears,83,offensive_guard,hard_rock_stadium,/bin/ksh
gb1356,george,borjon,m,august 7 1996,panthers,28,holder,metlife_stadium,/bin/tcsh
zl1905,zanora,love,f,september 3 1996,lions,39,running_back,gillette_stadium,/bin/tcsh
kg1558,koree,gurule,f,december 7 1990,bears,47,gunner,bank_of_america_stadium,/bin/tcsh
ap1425,alegria,pereira,f,february 29 1992,browns,78,running_back,soldier_field,/bin/csh
cs1430,cayman,sanjose,m,july 25 1991,cowboys,11,dimeback,los_angeles_memorial_coliseum,/bin/csh
sr1081,savian,rigler,m,april 30 1988,buccaneers,22,Kick_returner,dignity_health_sports_park,/bin/bash
jb1864,jamaar,bissette,m,december 22 1996,broncos,7,holder,gillette_stadium,/bin/tcsh
mt1058,mirei,thackston,f,january 12 1985,dolphins,52,kicker,metlife_stadium,/bin/tcsh
am1756,aaryan,mansaray,m,november 12 1989,49ers,94,gunner,firstenergy_stadium,/bin/csh
ml1145,marybeth,landry,f,may 5 1997,jets,70,punter,lincoln_financial_field,/bin/tcsh
lh1915,leiana,herzig,f,march 12 1994,seahawks,91,offensive_guard,bank_of_america_stadium,/bin/tcsh
rn1304,reginald,newhouse,m,july 10 1992,redskins,83,outside_linebacker,mercedes_benz_superdome,/bin/tcsh
aw1270,adon,wheelis,m,may 8 1994,chiefs,39,Kick_returner,gillette_stadium,/bin/tcsh
ob1547,omnia,brents,f,may 20 1985,texans,75,gunner,mercedes_benz_stadium,/bin/ksh
sd1572,spriha,deshields,f,october 11 1993,browns,30,quarterback,heinz_field,/bin/csh
sp1762,seneca,plato,f,september 20 1997,bills,6,long_snapper,mercedes_benz_superdome,/bin/tcsh
ke1337,kahari,evan,f,august 30 1988,browns,45,Kick_returner,lucas_oil_stadium,/bin/bash
lh1939,lorissa,hilger,f,october 1 1989,raiders,57,long_snapper,oakland_alameda_county_coliseum,/bin/tcsh
mm1494,mari,milholland,f,july 16 1989,jaguars,48,kickoff_specialist,metlife_stadium,/bin/tcsh
mz1252,mylena,zurcher,f,august 16 1985,jets,66,tight_end,dignity_health_sports_park,/bin/tcsh
jl1599,johnston,lisenbee,m,april 2 1999,chargers,66,long_snapper,lambeau_field,/bin/bash
bg1031,blessin,gwin,f,september 27 1995,chargers,80,outside_linebacker,fedex_field,/bin/bash
ab1620,alexia,briceno,f,may 13 1993,giants,6,running_back,mt_bank_stadium,/bin/csh
lb1469,legaci,bea,m,july 13 1989,eagles,5,jammer,firstenergy_stadium,/bin/csh
mf1563,monroe,franke,f,november 3 1992,bengals,64,center,paul_brown_stadium,/bin/tcsh
se1868,sanyiah,eckhart,f,september 4 1988,dolphins,63,Kick_returner,mercedes_benz_superdome,/bin/tcsh
mh1263,maizey,hildebrant,f,june 19 1990,jets,59,Kick_returner,state_farm_stadium,/bin/csh
vl1314,vayda,lepore,f,february 11 1986,texans,89,offensive_guard,state_farm_stadium,/bin/ksh
mc1987,miani,clower,f,october 17 1998,dolphins,39,safety,metlife_stadium,/bin/ksh
ck1578,chiedozie,kahler,m,july 28 1986,bears,8,dimeback,broncos_stadium,/bin/bash
es1671,elle,spears,f,september 17 1987,texans,30,upback,mercedes_benz_superdome,/bin/tcsh
az1899,aysia,zeidan,f,november 23 1986,jaguars,39,safety,mt_bank_stadium,/bin/csh
ho1032,hendryx,orem,m,january 16 1999,rams,62,holder,lucas_oil_stadium,/bin/ksh
zg1912,zaylan,gerrity,m,february 2 1992,raiders,18,wide_receiver,mercedes_benz_stadium,/bin/tcsh
ah1068,amorette,hladik,f,july 24 1986,rams,34,long_snapper,nissan_stadium,/bin/ksh
ih1680,icelynn,haakenson,f,march 5 1995,packers,3,kickoff_specialist,nrg_stadium,/bin/tcsh
kh1741,karissa,holzworth,f,december 23 1985,bengals,7,tight_end,oakland_alameda_county_coliseum,/bin/ksh
tp1969,thoren,parke,m,november 11 1991,seahawks,78,outside_linebacker,new_era_field,/bin/bash
tw1378,taron,wilhoite,m,april 1 1987,vikings,87,cornerback,att_stadium,/bin/csh
lk1721,linux,klinkhammer,m,september 23 1989,eagles,93,outside_linebacker,lambeau_field,/bin/csh
mh1533,mikhail,halberstam,m,may 28 1988,rams,56,safety,paul_brown_stadium,/bin/ksh
ep1673,emiah,parrales,f,october 5 1998,saints,29,dimeback,bank_of_america_stadium,/bin/csh
ct1787,chaitanya,tidd,m,october 30 1990,redskins,69,jammer,lambeau_field,/bin/csh
md1276,maleeya,dees,f,january 9 1987,bengals,53,center,us_bank_stadium,/bin/bash
rw1992,rhylan,weigle,m,june 10 1987,texans,4,kickoff_specialist,mercedes_benz_superdome,/bin/bash
rb1889,riann,buelna,f,february 1 1998,redskins,23,gunner,levis_stadium,/bin/csh
jt1865,jeyren,tillis,m,july 9 1986,lions,31,defensive_tackle,hard_rock_stadium,/bin/tcsh
sf1951,sitara,farquharson,f,october 3 1986,chargers,17,offensive_guard,ford_field,/bin/tcsh
jk1981,jordana,karras,f,february 9 1988,steelers,27,defensive_tackle,lincoln_financial_field,/bin/csh
me1344,mahitha,espino,f,september 9 1988,vikings,89,offensive_tackle,arrowhead_stadium,/bin/ksh
zc1522,zaivion,chrisman,m,july 10 1986,texans,74,offensive_guard,heinz_field,/bin/tcsh
iw1337,irie,waldon,m,august 16 1998,broncos,50,Kick_returner,dignity_health_sports_park,/bin/ksh
kw1600,kwesi,wendland,m,august 30 1993,rams,9,nickelback,lucas_oil_stadium,/bin/bash
lp1044,lauralyn,proehl,f,october 9 1989,bengals,81,long_snapper,lambeau_field,/bin/tcsh
ab1471,adena,bellows,f,april 6 1999,49ers,41,offensive_guard,levis_stadium,/bin/csh
lf1989,liva,farrell,f,may 5 1990,eagles,17,punter,soldier_field,/bin/tcsh
br1029,bauer,rotella,m,september 14 1997,broncos,25,dimeback,hard_rock_stadium,/bin/tcsh
tn1963,tarren,naval,m,december 22 1985,cardinals,55,punter,paul_brown_stadium,/bin/tcsh
ah1150,adabelle,herdman,f,april 3 1992,buccaneers,8,quarterback,hard_rock_stadium,/bin/bash
eb1878,ethan,banderas,f,december 29 1998,buccaneers,9,wide_receiver,gillette_stadium,/bin/ksh
ob1739,ostin,brandao,m,may 2 1989,packers,73,quarterback,levis_stadium,/bin/csh
lr1212,ladan,rico,f,august 23 1987,lions,80,punter,mercedes_benz_stadium,/bin/csh
kh1372,kaileen,heinlein,f,september 30 1993,dolphins,51,safety,firstenergy_stadium,/bin/csh
af1519,adamariz,foote,f,april 26 1995,bills,15,outside_linebacker,centurylink_field,/bin/tcsh
il1737,itzel,lagrange,f,april 25 1995,steelers,84,safety,bank_of_america_stadium,/bin/ksh
zp1182,ziyana,pirie,f,february 27 1992,seahawks,88,defensive_tackle,los_angeles_memorial_coliseum,/bin/csh
ab1703,airabella,barrington,f,april 12 1989,rams,47,upback,raymond_james_stadium,/bin/csh
ac1551,ancel,crock,m,january 26 1990,colts,29,safety,broncos_stadium,/bin/bash
at1939,ahlena,tooley,f,june 23 1995,jaguars,74,defensive_tackle,broncos_stadium,/bin/ksh
aw1881,amor,will,m,march 7 1987,jets,26,Kick_returner,hard_rock_stadium,/bin/tcsh
ev1471,edmond,vanover,m,november 16 1993,dolphins,57,defensive_end,lambeau_field,/bin/tcsh
tp1203,tejveer,perham,m,december 14 1997,dolphins,62,defensive_end,mercedes_benz_stadium,/bin/csh
kb1859,kova,broach,f,june 7 1998,packers,26,long_snapper,state_farm_stadium,/bin/ksh
sl1280,sefton,lenz,m,october 3 1988,bengals,87,cornerback,mercedes_benz_superdome,/bin/bash
lh1255,llewelyn,hunton,f,july 26 1987,buccaneers,85,quarterback,raymond_james_stadium,/bin/csh
bs1662,brenan,sandler,m,july 24 1996,chargers,99,tight_end,levis_stadium,/bin/ksh
mh1414,marykay,hyler,f,february 23 1994,ravens,52,kickoff_specialist,firstenergy_stadium,/bin/csh
gt1799,garrick,takata,m,november 19 1985,rams,60,tight_end,heinz_field,/bin/csh
kr1171,koden,rees,m,march 21 1996,ravens,30,holder,mercedes_benz_superdome,/bin/ksh
ad1703,annalie,downes,f,april 16 1999,colts,71,tight_end,nrg_stadium,/bin/tcsh
yd1096,yashira,drewry,f,january 16 1990,jets,11,running_back,arrowhead_stadium,/bin/tcsh
ka1658,kyzar,amerine,m,april 26 1989,bears,1,dimeback,tiaa_bank_field,/bin/ksh
ab1437,alesso,baginski,m,september 9 1998,patriots,95,holder,new_era_field,/bin/ksh
jw1199,jassiel,whitman,m,may 13 1998,cardinals,52,running_back,nrg_stadium,/bin/tcsh
jo1401,jacorey,olmedo,m,december 24 1990,texans,22,middle_linebacker,state_farm_stadium,/bin/ksh
sb1740,saifan,bugbee,m,january 21 1990,falcons,33,nickelback,us_bank_stadium,/bin/ksh
kl1425,kyden,langstaff,m,february 6 1992,ravens,89,nickelback,hard_rock_stadium,/bin/tcsh
kp1137,krue,pellicano,m,may 5 1997,bills,95,Kick_returner,broncos_stadium,/bin/csh
ao1889,ainsleigh,opp,f,august 5 1987,buccaneers,45,defensive_tackle,soldier_field,/bin/ksh
as1648,arber,screws,m,december 8 1989,cardinals,90,punt_returner,lucas_oil_stadium,/bin/csh
sp1897,shylynn,pons,f,march 10 1995,rams,89,offensive_guard,oakland_alameda_county_coliseum,/bin/tcsh
td1859,tyjuan,demelo,m,june 3 1995,chiefs,13,wide_receiver,mercedes_benz_stadium,/bin/csh
js1802,jeslin,stonecipher,f,february 16 1987,bengals,45,nickelback,ford_field,/bin/tcsh
dh1514,dream,heatley,m,may 2 1991,redskins,3,punt_returner,nissan_stadium,/bin/bash
rs1374,raydel,sarvis,m,december 10 1987,ravens,70,defensive_end,oakland_alameda_county_coliseum,/bin/csh
ah1001,ace,holl,f,february 13 1999,dolphins,9,tight_end,arrowhead_stadium,/bin/tcsh
rb1515,remiah,bawden,f,january 15 1996,falcons,76,offensive_tackle,state_farm_stadium,/bin/ksh
kn1223,karis,nesbitt,f,july 9 1998,texans,30,dimeback,heinz_field,/bin/ksh
lc1780,lunamia,crim,f,february 19 1987,bears,42,gunner,nissan_stadium,/bin/tcsh
vw1063,vania,weiser,f,march 24 1991,jets,54,kicker,mercedes_benz_stadium,/bin/ksh
rp1158,ralynn,paulsen,f,march 22 1985,dolphins,31,middle_linebacker,levis_stadium,/bin/ksh
tc1586,tyrianna,carmon,f,february 9 1996,redskins,60,upback,oakland_alameda_county_coliseum,/bin/tcsh
bn1572,beckman,nard,m,december 22 1995,jaguars,17,defensive_end,mt_bank_stadium,/bin/ksh
sj1618,shyanne,justus,f,july 14 1986,packers,17,cornerback,los_angeles_memorial_coliseum,/bin/tcsh
at1744,adelle,teel,f,may 17 1988,jets,72,defensive_end,soldier_field,/bin/ksh
ls1346,lamya,steidl,f,april 10 1997,chiefs,3,running_back,ford_field,/bin/tcsh
ab1484,avinash,brandao,m,july 15 1995,jets,74,center,fedex_field,/bin/csh
jb1179,jasper,bohnsack,f,october 27 1992,buccaneers,81,long_snapper,metlife_stadium,/bin/ksh
eb1287,evalyne,boakye,f,october 3 1996,buccaneers,22,Kick_returner,soldier_field,/bin/tcsh
bb1379,brysin,blackmore,m,november 9 1996,falcons,54,tight_end,centurylink_field,/bin/bash
ew1778,evva,wininger,f,august 23 1988,packers,14,holder,arrowhead_stadium,/bin/ksh
id1656,iveigh,deneen,f,july 10 1991,steelers,11,offensive_tackle,metlife_stadium,/bin/csh
pc1884,paolina,carriveau,f,august 24 1999,cardinals,63,cornerback,metlife_stadium,/bin/csh
cc1735,chassidy,cammack,f,march 17 1994,buccaneers,27,middle_linebacker,broncos_stadium,/bin/ksh
sk1557,shaheen,ketterling,m,april 15 1985,buccaneers,32,gunner,dignity_health_sports_park,/bin/csh
fw1935,faye,walls,f,june 23 1986,jaguars,73,dimeback,nissan_stadium,/bin/bash
sm1810,sharol,morphew,f,september 2 1996,panthers,23,Kick_returner,ford_field,/bin/bash
jr1773,jaimir,roye,m,december 11 1996,patriots,27,outside_linebacker,nissan_stadium,/bin/bash
db1705,declan,berkley,f,november 20 1994,redskins,11,long_snapper,raymond_james_stadium,/bin/tcsh
ad1371,aadish,draughon,m,november 4 1986,steelers,85,running_back,dignity_health_sports_park,/bin/ksh
fh1823,fletcher,hodgman,f,april 5 1997,giants,40,punter,fedex_field,/bin/ksh
em1929,edahi,matamoros,m,november 8 1992,chargers,86,punt_returner,lincoln_financial_field,/bin/csh
as1700,avanna,snead,f,april 17 1993,giants,2,Kick_returner,mt_bank_stadium,/bin/csh
em1009,enza,mallow,f,july 12 1995,vikings,49,kickoff_specialist,lambeau_field,/bin/bash
aw1231,alasia,worrell,f,august 13 1985,steelers,72,offensive_guard,tiaa_bank_field,/bin/ksh
zl1243,zoah,lupton,f,june 15 1998,lions,36,quarterback,centurylink_field,/bin/csh
mj1924,makaya,justis,f,april 10 1990,falcons,19,kickoff_specialist,los_angeles_memorial_coliseum,/bin/ksh
bc1505,berish,cecere,m,january 4 1995,packers,57,punt_returner,metlife_stadium,/bin/csh
zv1325,zaylea,vandemark,f,september 11 1993,falcons,48,middle_linebacker,nissan_stadium,/bin/csh
mj1230,miloh,jonson,m,january 20 1998,eagles,46,kickoff_specialist,levis_stadium,/bin/ksh
ms1936,malayiah,swords,f,january 27 1997,49ers,65,defensive_tackle,mt_bank_stadium,/bin/bash
bl1482,braxton,lampton,f,may 19 1987,chargers,20,defensive_tackle,tiaa_bank_field,/bin/csh
jm1058,jessamine,mcconnell,f,july 7 1988,steelers,36,jammer,heinz_field,/bin/csh
mm1093,marlin,marucci,m,february 3 1988,raiders,2,Kick_returner,ford_field,/bin/ksh
ha1255,harlym,aungst,m,november 12 1988,eagles,63,punter,centurylink_field,/bin/ksh
kl1126,kenzlee,lopezhernandez,f,march 26 1987,broncos,65,holder,soldier_field,/bin/csh
ah1344,angelyse,hagge,f,june 27 1994,patriots,15,punt_returner,paul_brown_stadium,/bin/ksh
es1153,elaia,soza,f,may 11 1992,jets,69,nickelback,levis_stadium,/bin/csh
ss1472,shariyah,smedley,f,september 7 1998,cardinals,82,running_back,soldier_field,/bin/bash
lw1344,leslie,weinberger,f,february 22 1987,chargers,81,offensive_tackle,lambeau_field,/bin/ksh
as1730,azaryia,sharon,f,november 7 1997,packers,44,defensive_tackle,lambeau_field,/bin/csh
jc1842,jennica,catania,f,june 12 1991,lions,84,safety,metlife_stadium,/bin/ksh
ab1898,ahyan,broadway,m,december 28 1995,cardinals,74,punter,hard_rock_stadium,/bin/csh
js1129,jerson,sabel,m,may 2 1992,seahawks,70,outside_linebacker,raymond_james_stadium,/bin/ksh
ai1741,adalynne,isenhower,f,december 7 1995,cardinals,56,gunner,soldier_field,/bin/tcsh
mr1186,marguerite,riebe,f,january 17 1998,redskins,12,tight_end,lucas_oil_stadium,/bin/bash
la1889,laylynn,abell,f,september 23 1995,bears,68,defensive_tackle,raymond_james_stadium,/bin/tcsh
bk1198,bellamie,kolar,f,december 20 1990,giants,47,punter,nissan_stadium,/bin/bash
cg1625,celena,guardia,f,october 1 1996,eagles,95,cornerback,raymond_james_stadium,/bin/tcsh
aw1173,adalind,warnick,f,march 17 1993,lions,45,kickoff_specialist,new_era_field,/bin/ksh
er1856,escher,rohlfs,m,january 7 1999,jaguars,32,nickelback,dignity_health_sports_park,/bin/tcsh
mr1282,montserrat,ruland,f,december 30 1989,vikings,80,offensive_guard,soldier_field,/bin/bash
ho1577,humphrey,orlowski,m,august 3 1990,buccaneers,8,quarterback,heinz_field,/bin/csh
tb1347,tanyla,body,f,january 19 1985,steelers,88,offensive_guard,soldier_field,/bin/tcsh
km1478,kanton,mathias,m,december 5 1989,falcons,67,quarterback,gillette_stadium,/bin/ksh
ly1866,legacee,yearwood,f,november 30 1994,titans,92,quarterback,tiaa_bank_field,/bin/bash
gs1211,garren,shand,m,august 3 1991,lions,96,kickoff_specialist,gillette_stadium,/bin/ksh
jl1253,julienne,lichty,f,august 6 1990,jaguars,73,tight_end,soldier_field,/bin/csh
at1305,anav,tuma,m,october 16 1986,jaguars,52,Kick_returner,mercedes_benz_stadium,/bin/tcsh
ac1730,adayla,colquitt,f,august 29 1997,falcons,52,offensive_tackle,state_farm_stadium,/bin/ksh
aa1988,aubreyana,alessio,f,november 24 1985,dolphins,79,center,hard_rock_stadium,/bin/bash
en1499,emmalani,nall,f,february 19 1994,raiders,57,defensive_end,firstenergy_stadium,/bin/tcsh
sm1193,sayler,meissner,f,november 16 1997,panthers,32,defensive_end,ford_field,/bin/ksh
cs1654,cai,sit,f,july 26 1987,colts,98,kicker,oakland_alameda_county_coliseum,/bin/ksh
eh1973,ezariah,haston,f,may 22 1990,texans,26,outside_linebacker,raymond_james_stadium,/bin/csh
ac1810,ash,court,f,july 14 1991,seahawks,35,Kick_returner,soldier_field,/bin/tcsh
ei1463,eliah,ingraham,f,october 27 1989,cowboys,40,kicker,mercedes_benz_stadium,/bin/bash
sp1093,saraiyah,pankratz,f,october 7 1996,jaguars,42,long_snapper,us_bank_stadium,/bin/ksh
ks1860,kierstin,strittmatter,f,january 24 1994,buccaneers,12,gunner,ford_field,/bin/tcsh
kb1797,korina,bartolotta,f,august 29 1991,packers,53,holder,us_bank_stadium,/bin/csh
ah1984,ailana,hendryx,f,may 8 1991,bengals,22,nickelback,mt_bank_stadium,/bin/ksh
hs1243,huzaifa,simental,m,may 27 1987,buccaneers,62,outside_linebacker,lucas_oil_stadium,/bin/tcsh
cy1683,crystel,yazzie,f,june 7 1997,bills,99,kicker,ford_field,/bin/ksh
ag1161,aadi,gallego,m,april 24 1988,lions,32,upback,dignity_health_sports_park,/bin/csh
sf1254,sui,frosch,f,october 21 1997,jets,79,offensive_guard,heinz_field,/bin/csh
mp1958,magnum,pouncey,m,december 26 1994,chiefs,87,offensive_guard,hard_rock_stadium,/bin/bash
rm1838,ramya,macbeth,f,april 12 1999,dolphins,68,punt_returner,state_farm_stadium,/bin/bash
jl1672,janaiya,luzzi,f,september 19 1985,patriots,58,nickelback,nrg_stadium,/bin/ksh
ss1283,shayleen,seagraves,f,february 17 1986,bills,80,kickoff_specialist,centurylink_field,/bin/ksh
at1276,athan,therriault,m,september 14 1987,chiefs,44,center,mercedes_benz_superdome,/bin/tcsh
xr1822,xylus,riviere,m,january 8 1988,patriots,10,gunner,oakland_alameda_county_coliseum,/bin/ksh
bs1474,brenlee,scalise,f,june 17 1997,saints,15,defensive_end,lambeau_field,/bin/bash
jm1265,jalissa,marton,f,april 17 1988,patriots,41,punt_returner,dignity_health_sports_park,/bin/bash
kb1186,kelis,boni,f,may 5 1995,ravens,93,defensive_end,att_stadium,/bin/tcsh
as1308,alandra,salmons,f,december 28 1990,seahawks,29,Kick_returner,bank_of_america_stadium,/bin/csh
lt1711,lyricah,trinidad,f,september 9 1998,chiefs,89,long_snapper,fedex_field,/bin/tcsh
ym1073,youssef,munro,m,september 10 1995,panthers,11,quarterback,lambeau_field,/bin/ksh
sw1757,sohaan,wescott,m,september 10 1992,steelers,22,tight_end,broncos_stadium,/bin/tcsh
aa1428,aniella,aarons,f,september 18 1996,saints,34,holder,broncos_stadium,/bin/csh
ed1689,eisley,dahn,f,may 20 1990,eagles,73,gunner,oakland_alameda_county_coliseum,/bin/tcsh
sf1232,syler,favorite,m,july 17 1996,eagles,9,gunner,soldier_field,/bin/bash
ob1053,orah,benfield,f,july 11 1995,steelers,45,defensive_end,dignity_health_sports_park,/bin/ksh
ck1289,captain,kepner,m,december 17 1998,vikings,66,quarterback,nissan_stadium,/bin/csh
dn1531,damaria,noblett,f,march 17 1990,chiefs,65,center,lucas_oil_stadium,/bin/tcsh
mf1614,michonne,felts,f,march 5 1998,49ers,34,long_snapper,oakland_alameda_county_coliseum,/bin/tcsh
sw1155,srushti,woodlief,f,november 24 1987,jets,36,defensive_end,paul_brown_stadium,/bin/csh
at1264,asuka,thurston,f,may 30 1994,jaguars,96,safety,gillette_stadium,/bin/ksh
hg1296,habib,grech,m,september 28 1994,raiders,84,dimeback,los_angeles_memorial_coliseum,/bin/bash
ac1502,aivyn,czaja,f,july 17 1989,patriots,64,defensive_tackle,firstenergy_stadium,/bin/bash
dk1780,dasean,knauss,m,april 21 1992,bengals,20,offensive_tackle,lambeau_field,/bin/ksh
yw1878,yareli,winstead,f,april 1 1996,jaguars,36,Kick_returner,new_era_field,/bin/tcsh
ss1261,shaily,scheel,f,april 9 1987,bills,62,running_back,mercedes_benz_superdome,/bin/tcsh
mm1296,momin,moore,m,may 2 1994,falcons,36,Kick_returner,bank_of_america_stadium,/bin/ksh
am1345,agape,meads,f,july 18 1991,49ers,85,punt_returner,soldier_field,/bin/csh
ps1491,parinika,swords,f,january 9 1986,chargers,16,upback,heinz_field,/bin/ksh
bp1878,britney,pink,f,april 22 1995,steelers,37,kickoff_specialist,centurylink_field,/bin/ksh
av1968,aelish,valentin,f,october 25 1999,falcons,52,defensive_tackle,ford_field,/bin/bash
ae1658,addalee,eisenhardt,f,august 7 1999,bengals,97,gunner,soldier_field,/bin/csh
gs1272,giannis,shavers,m,december 30 1987,ravens,4,dimeback,nrg_stadium,/bin/csh
jb1811,jamin,brandao,m,january 18 1989,panthers,44,punt_returner,lambeau_field,/bin/tcsh
tl1230,taysean,leno,m,june 22 1995,broncos,18,long_snapper,mt_bank_stadium,/bin/ksh
dc1692,dakota,coloma,f,february 5 1987,browns,41,safety,att_stadium,/bin/bash
pl1890,pihu,levenson,f,august 24 1991,seahawks,2,offensive_tackle,mercedes_benz_stadium,/bin/ksh
ah1801,allyson,hayman,f,september 20 1990,buccaneers,87,quarterback,bank_of_america_stadium,/bin/tcsh
cb1964,celest,briles,f,march 24 1985,cowboys,92,cornerback,dignity_health_sports_park,/bin/tcsh
nb1506,neliah,buonocore,f,march 11 1986,colts,63,cornerback,nrg_stadium,/bin/csh
at1947,aadvika,titus,f,february 29 1987,cowboys,97,kicker,gillette_stadium,/bin/ksh
dm1433,dagem,medford,m,october 8 1987,bengals,31,Kick_returner,soldier_field,/bin/ksh
hc1348,hezekiah,cellini,m,september 22 1992,dolphins,63,quarterback,lincoln_financial_field,/bin/bash
tc1478,tomasa,coldren,f,march 4 1987,falcons,27,nickelback,levis_stadium,/bin/csh
ol1019,ophelie,lobue,f,january 2 1993,falcons,85,offensive_tackle,paul_brown_stadium,/bin/ksh
ah1689,arpan,hogg,m,june 10 1993,redskins,51,jammer,nrg_stadium,/bin/tcsh
tm1245,tierney,madrigal,f,august 2 1988,browns,32,long_snapper,us_bank_stadium,/bin/tcsh
cw1571,caylin,weger,f,july 1 1987,vikings,15,offensive_tackle,soldier_field,/bin/ksh
is1507,iwinosa,severe,f,april 3 1998,49ers,3,dimeback,raymond_james_stadium,/bin/bash
hr1823,harley,rey,m,july 4 1986,chargers,86,defensive_tackle,lincoln_financial_field,/bin/bash
nw1875,novelyn,wimbush,f,september 9 1999,lions,47,gunner,heinz_field,/bin/csh
jk1811,jabir,kunkle,m,may 16 1988,49ers,89,kicker,gillette_stadium,/bin/ksh
ac1601,amaliya,cassity,f,october 17 1990,raiders,98,defensive_end,firstenergy_stadium,/bin/tcsh
rr1926,rupert,rabe,m,march 27 1996,jaguars,83,Kick_returner,arrowhead_stadium,/bin/csh
eh1442,evanna,hallahan,f,november 6 1990,bills,37,safety,mercedes_benz_stadium,/bin/ksh
bb1268,blakley,burnett,f,july 19 1991,patriots,68,punter,mercedes_benz_superdome,/bin/bash
ds1368,devron,sy,m,july 23 1986,browns,37,upback,oakland_alameda_county_coliseum,/bin/tcsh
cs1814,christianna,sandberg,f,september 25 1995,falcons,44,Kick_returner,firstenergy_stadium,/bin/bash
re1671,raigen,evans,f,august 28 1988,ravens,7,middle_linebacker,new_era_field,/bin/csh
sb1884,stevie,blatter,m,august 12 1990,bills,60,long_snapper,tiaa_bank_field,/bin/ksh
ms1746,mckinnley,stillwagon,m,november 4 1992,chargers,57,Kick_returner,mt_bank_stadium,/bin/csh
cm1701,cohen,matthies,m,april 22 1993,rams,13,punt_returner,state_farm_stadium,/bin/tcsh
aw1589,ailah,wilshire,f,february 12 1994,vikings,76,defensive_end,state_farm_stadium,/bin/ksh
eh1004,errol,hanning,m,september 9 1986,saints,5,outside_linebacker,raymond_james_stadium,/bin/bash
qd1273,quade,deboe,m,july 23 1994,buccaneers,5,defensive_end,gillette_stadium,/bin/csh
ks1311,khaleb,schwab,m,april 17 1988,buccaneers,96,middle_linebacker,lambeau_field,/bin/csh
el1910,eilish,lawrenz,f,march 2 1991,chargers,34,middle_linebacker,nissan_stadium,/bin/tcsh
jc1981,jaslynn,carballo,f,june 19 1995,cardinals,91,center,lincoln_financial_field,/bin/csh
da1972,deluca,andresen,m,april 29 1991,bears,72,gunner,paul_brown_stadium,/bin/csh
sh1432,stanley,holub,m,april 7 1985,raiders,89,running_back,nrg_stadium,/bin/csh
ts1347,theona,segui,f,october 3 1991,raiders,34,cornerback,soldier_field,/bin/ksh
hc1232,haskell,culverhouse,m,november 8 1991,redskins,41,long_snapper,gillette_stadium,/bin/bash
am1174,acer,macchia,m,december 26 1989,lions,43,wide_receiver,metlife_stadium,/bin/tcsh
cc1676,chadd,craney,m,april 5 1992,raiders,37,Kick_returner,levis_stadium,/bin/csh
sr1337,symere,rousey,m,january 17 1993,49ers,54,wide_receiver,ford_field,/bin/ksh
ty1295,trig,yebra,m,december 4 1999,titans,79,punter,lincoln_financial_field,/bin/bash
ta1171,tanner,amore,m,june 12 1991,bengals,40,safety,gillette_stadium,/bin/bash
jl1050,jesse,luz,f,march 11 1990,jaguars,44,nickelback,lucas_oil_stadium,/bin/csh
dv1536,delayla,varga,f,july 17 1999,saints,54,offensive_guard,soldier_field,/bin/csh
aa1318,aitana,acheson,f,march 29 1992,lions,96,nickelback,raymond_james_stadium,/bin/ksh
ed1293,emmalynne,delap,f,november 25 1988,steelers,33,safety,lambeau_field,/bin/ksh
eb1393,emilia,borst,f,august 7 1993,eagles,71,wide_receiver,mercedes_benz_superdome,/bin/bash
nk1481,nickoli,knapke,m,october 22 1986,49ers,71,safety,metlife_stadium,/bin/csh
mk1991,milya,karren,f,september 28 1989,packers,5,tight_end,levis_stadium,/bin/csh
nb1901,naavya,boggan,f,march 29 1992,chargers,26,holder,lucas_oil_stadium,/bin/bash
cd1421,cadence,delvecchio,f,march 3 1985,buccaneers,45,quarterback,gillette_stadium,/bin/csh
jh1176,josseline,hinz,f,february 27 1992,buccaneers,18,long_snapper,broncos_stadium,/bin/bash
nd1530,noell,duhe,f,february 30 1999,ravens,90,defensive_end,nrg_stadium,/bin/ksh
sr1260,skylar,reed,m,april 22 1994,cardinals,49,middle_linebacker,levis_stadium,/bin/csh
sg1220,sarae,glasper,f,november 26 1988,chargers,46,middle_linebacker,us_bank_stadium,/bin/csh
rh1807,romilly,harnett,f,february 22 1986,vikings,70,jammer,nissan_stadium,/bin/ksh
kr1502,kamilla,reardon,f,october 2 1985,steelers,44,dimeback,oakland_alameda_county_coliseum,/bin/csh
lg1522,lilliane,grandberry,f,april 14 1999,cardinals,68,wide_receiver,tiaa_bank_field,/bin/csh
rm1090,raseel,mikesell,f,august 18 1998,saints,91,outside_linebacker,los_angeles_memorial_coliseum,/bin/ksh
ec1882,emeryn,caton,f,december 2 1990,seahawks,91,defensive_tackle,mercedes_benz_stadium,/bin/csh
wm1694,wayde,mowery,m,january 2 1998,vikings,48,kickoff_specialist,dignity_health_sports_park,/bin/csh
em1777,elsi,mcfarlane,f,november 12 1985,jaguars,30,gunner,ford_field,/bin/tcsh
jw1852,jacere,wah,m,march 29 1993,49ers,75,holder,mercedes_benz_superdome,/bin/ksh
jt1205,joy,taher,m,march 6 1994,buccaneers,72,quarterback,lincoln_financial_field,/bin/bash
dr1228,davinci,rewis,m,october 3 1998,saints,96,tight_end,arrowhead_stadium,/bin/csh
cm1566,cedar,mcphail,m,january 7 1991,cardinals,57,holder,arrowhead_stadium,/bin/tcsh
ms1409,majic,shanholtz,m,august 10 1994,dolphins,48,dimeback,paul_brown_stadium,/bin/ksh
jf1734,jayvien,fera,m,february 30 1998,vikings,49,holder,soldier_field,/bin/tcsh
nw1767,noragrace,wnuk,f,october 21 1991,packers,5,punter,arrowhead_stadium,/bin/ksh
mw1934,montanna,western,f,october 29 1998,bears,37,cornerback,ford_field,/bin/bash
tg1701,thien,gracie,m,april 23 1985,cowboys,35,center,new_era_field,/bin/bash
ms1929,mahith,stall,m,january 16 1993,chargers,94,defensive_tackle,new_era_field,/bin/csh
nc999,naomigrace,caskey,f,august 20 1985,browns,58,punter,metlife_stadium,/bin/csh
kt1797,kennadie,tart,f,september 7 1997,jaguars,66,wide_receiver,bank_of_america_stadium,/bin/ksh
mw1237,mais,wiesen,f,november 19 1996,ravens,31,long_snapper,raymond_james_stadium,/bin/bash
gs1203,gabriele,salley,f,july 21 1988,jets,56,kickoff_specialist,centurylink_field,/bin/csh
ml1064,marren,liptak,f,october 28 1986,texans,11,gunner,heinz_field,/bin/bash
lb1799,love,berti,m,march 10 1987,bears,22,offensive_guard,state_farm_stadium,/bin/tcsh
am1028,ayad,monzon,m,october 16 1996,bengals,84,Kick_returner,firstenergy_stadium,/bin/ksh
al1111,amer,leachman,m,august 12 1988,packers,48,dimeback,ford_field,/bin/bash
kt1148,kaizer,townsel,m,september 27 1999,bengals,77,tight_end,us_bank_stadium,/bin/csh
af1734,amarachukwu,fogt,f,january 10 1993,steelers,31,long_snapper,nrg_stadium,/bin/ksh
ab1804,arick,begley,m,april 11 1996,ravens,97,middle_linebacker,firstenergy_stadium,/bin/tcsh
ks1510,khya,searl,f,august 14 1992,broncos,15,outside_linebacker,broncos_stadium,/bin/tcsh
ov1240,oheneba,valois,m,april 19 1993,cardinals,36,offensive_guard,mercedes_benz_superdome,/bin/csh
ce1985,conlee,eastman,f,october 9 1986,dolphins,15,wide_receiver,soldier_field,/bin/tcsh
ab1339,antwuan,boulet,m,june 20 1992,raiders,39,dimeback,state_farm_stadium,/bin/ksh
bg1830,banks,gunnell,m,february 24 1991,cowboys,63,tight_end,oakland_alameda_county_coliseum,/bin/csh
mh1007,manahil,hames,f,february 30 1997,lions,18,middle_linebacker,nrg_stadium,/bin/ksh
mt1793,micco,teater,m,september 6 1999,titans,57,gunner,soldier_field,/bin/ksh
ak1367,andry,koob,m,january 25 1991,giants,97,jammer,lincoln_financial_field,/bin/bash
jv1584,jakiya,varvel,f,may 2 1995,chargers,50,defensive_tackle,lincoln_financial_field,/bin/csh
ps1370,pinchos,seide,m,august 1 1986,colts,79,Kick_returner,att_stadium,/bin/ksh
kc1710,kyree,claire,f,july 5 1989,bengals,72,punt_returner,soldier_field,/bin/csh
fg1043,faylee,ginther,f,august 29 1993,panthers,44,punter,bank_of_america_stadium,/bin/ksh
am1630,amorra,meng,f,july 2 1997,packers,53,dimeback,broncos_stadium,/bin/ksh
dg1596,deva,glenn,f,december 1 1994,buccaneers,73,nickelback,fedex_field,/bin/tcsh
ad1162,aubrey,devers,f,february 26 1992,browns,64,wide_receiver,metlife_stadium,/bin/bash
gb1483,gladys,buonocore,f,june 4 1986,titans,19,middle_linebacker,ford_field,/bin/bash
sc1935,symone,cribbs,f,july 26 1996,panthers,4,upback,nissan_stadium,/bin/csh
ck1128,catarino,kimmey,m,november 28 1999,chiefs,81,defensive_tackle,raymond_james_stadium,/bin/tcsh
sf1173,sahej,fishburn,m,october 4 1997,lions,25,long_snapper,lucas_oil_stadium,/bin/csh
kr1791,keeli,rodwell,f,june 22 1993,saints,98,kicker,gillette_stadium,/bin/tcsh
mc1600,meir,caverly,m,march 21 1997,colts,59,offensive_tackle,los_angeles_memorial_coliseum,/bin/ksh
eh1990,eber,heim,m,april 9 1995,chargers,7,holder,los_angeles_memorial_coliseum,/bin/tcsh